ticker,security_id,issuer_id,cik,sec_name,sec_ticker,assignment_start,assignment_end,provider,provider_symbol,provider_rows,provider_first_date,provider_last_date,sec_payload_sha256,sec_history_sources,price_payload_sha256,review_status,reason,verified_date,sec_source,provider_source
A,aios:bounded:sp500:a,aios:issuer:sec:0001090872,0001090872,"AGILENT TECHNOLOGIES, INC.",A,2023-08-01,2026-07-22,yfinance,A,386,2025-01-02,2026-07-20,faa1a5d03ac1e9a3a75f4b64c818e95dfd9f8387e723c925922dca59bd3107e2,,5d49bc0155e2d0c3522b4ed23a9787036f341bdec2be0f9ef98c41e76bdc8a27,accepted,,2026-07-21,https://data.sec.gov/submissions/CIK0001090872.json,https://query1.finance.yahoo.com/v8/finance/chart/A
AAPL,aios:bounded:sp500:aapl,aios:issuer:sec:0000320193,0000320193,Apple Inc.,AAPL,2023-08-01,2026-07-22,yfinance,AAPL,386,2025-01-02,2026-07-20,49300740ab29cbe00fe9aa409671e2cf3068d6492df99c45aba57c0cc689a5bc,,59dc7afb688c9b2ff691df9e278e8a52e91f6f6c11ee2f73ee5df7924ffdc1cc,accepted,,2026-07-21,https://data.sec.gov/submissions/CIK0000320193.json,https://query1.finance.yahoo.com/v8/finance/chart/AAPL
ABBV,aios:bounded:sp500:abbv,aios:issuer:sec:0001551152,0001551152,AbbVie Inc.,ABBV,2023-08-01,2026-07-22,yfinance,ABBV,386,2025-01-02,2026-07-20,1d691c53389db95ed848e79d0109b177df55f5e6030b86085c797b348764d24b,,05ffdea24db9750e13dd3192d8e83db870165935fd5f7f1c1e8fe7a34c91573d,accepted,,2026-07-21,https://data.sec.gov/submissions/CIK0001551152.json,https://query1.finance.yahoo.com/v8/finance/chart/ABBV
ABNB,aios:bounded:sp500:abnb,aios:issuer:sec:0001559720,0001559720,"Airbnb, Inc.",ABNB,2023-09-18,2026-07-22,yfinance,ABNB,386,2025-01-02,2026-07-20,e91e4c1d61075cc1311db17365f3f43b55417eb708a2e619cd94e027f2f5f386,,ba0a1e027b5fb4025b2abf251cf279fe8cbdafb187a247e249b590b028863f6b,accepted,,2026-07-21,https://data.sec.gov/submissions/CIK0001559720.json,https://query1.finance.yahoo.com/v8/finance/chart/ABNB
ABT,aios:bounded:sp500:abt,aios:issuer:sec:0000001800,0000001800,ABBOTT LABORATORIES,ABT,2023-08-01,2026-07-22,yfinance,ABT,386,2025-01-02,2026-07-20,44222324e316f37205d818735415ec5d4a5d1b5b5974ce996ce0d765bf51d0a1,,bd6947135f34c0de803eeaf4582354e77058b6f79279318c7e9b11a0f1c160d8,accepted,,2026-07-21,https://data.sec.gov/submissions/CIK0000001800.json,https://query1.finance.yahoo.com/v8/finance/chart/ABT
ACGL,aios:bounded:sp500:acgl,aios:issuer:sec:0000947484,0000947484,ARCH CAPITAL GROUP LTD.,ACGL,2023-08-01,2026-07-22,yfinance,ACGL,386,2025-01-02,2026-07-20,a2e8744edac514ca62baa420bc0f97fb5993ef33b6cd370fd66a90f2f2f8ba51,,a0bf4ab27a54d7c172c98e5de27960d272d5ca03efd202c055f9dcd522a55a15,accepted,,2026-07-21,https://data.sec.gov/submissions/CIK0000947484.json,https://query1.finance.yahoo.com/v8/finance/chart/ACGL
ACN,aios:bounded:sp500:acn,aios:issuer:sec:0001467373,0001467373,Accenture plc,ACN,2023-08-01,2026-07-22,yfinance,ACN,386,2025-01-02,2026-07-20,89d87691ca974cdc97e671f4d47ed6637fde32794a0b6a0b746d4d797db4e125,,b13237f25a4dfaa022eea1e3c1e797ba73f2efe0a7090134defa0bc6a38b9760,accepted,,2026-07-21,https://data.sec.gov/submissions/CIK0001467373.json,https://query1.finance.yahoo.com/v8/finance/chart/ACN
ADBE,aios:bounded:sp500:adbe,aios:issuer:sec:0000796343,0000796343,ADOBE INC.,ADBE,2023-08-01,2026-07-22,yfinance,ADBE,386,2025-01-02,2026-07-20,a1d87fbefb52e7b16c169bab7fd1f9bfb3d31034caac55721fc88eccbbe3eccd,,458c314783f906e056cf082e94820081c7f870ee5c03cde864243591a3418af7,accepted,,2026-07-21,https://data.sec.gov/submissions/CIK0000796343.json,https://query1.finance.yahoo.com/v8/finance/chart/ADBE
ADI,aios:bounded:sp500:adi,aios:issuer:sec:0000006281,0000006281,ANALOG DEVICES INC,ADI,2023-08-01,2026-07-22,yfinance,ADI,386,2025-01-02,2026-07-20,c1c947a8d9bd2e6d976a10376c75191e746c349458dddb4d2eae8efb519dc22b,,b6fc1197a52565b137381e211bd62023bcd50fec3f20fef59b25b138ba02b3a6,accepted,,2026-07-21,https://data.sec.gov/submissions/CIK0000006281.json,https://query1.finance.yahoo.com/v8/finance/chart/ADI
ADM,aios:bounded:sp500:adm,aios:issuer:sec:0000007084,0000007084,Archer-Daniels-Midland Co,ADM,2023-08-01,2026-07-22,yfinance,ADM,386,2025-01-02,2026-07-20,45010242432e45255ec20f1a749e5d1952b9cca542ec16e1bfde2e93ca9ff369,,cb46d850476a934876bdaf1ebbe6704b71e6e47597d6a1f5184b5462253e1310,accepted,,2026-07-21,https://data.sec.gov/submissions/CIK0000007084.json,https://query1.finance.yahoo.com/v8/finance/chart/ADM
ADP,aios:bounded:sp500:adp,aios:issuer:sec:0000008670,0000008670,AUTOMATIC DATA PROCESSING INC,ADP,2023-08-01,2026-07-22,yfinance,ADP,386,2025-01-02,2026-07-20,732fa8f38e24d71e72552e8d0cfbeba256f3417e1456d914a2145b882dc6d552,,4e6bb42af163fb60db55a56cbc366ef064d5475d83b688914cbe6d8f436e6875,accepted,,2026-07-21,https://data.sec.gov/submissions/CIK0000008670.json,https://query1.finance.yahoo.com/v8/finance/chart/ADP
ADSK,aios:bounded:sp500:adsk,aios:issuer:sec:0000769397,0000769397,"Autodesk, Inc.",ADSK,2023-08-01,2026-07-22,yfinance,ADSK,386,2025-01-02,2026-07-20,1f90bb23f6b7a058f469de35cdac4935c2c2619666950b26366178f9c9dca700,,17a1774fdb74274680774ca4681e39327338ec0e0072b127930ac42cfe9bb564,accepted,,2026-07-21,https://data.sec.gov/submissions/CIK0000769397.json,https://query1.finance.yahoo.com/v8/finance/chart/ADSK
AEE,aios:bounded:sp500:aee,aios:issuer:sec:0001002910,0001002910,AMEREN CORP,AEE,2023-08-01,2026-07-22,yfinance,AEE,386,2025-01-02,2026-07-20,484f95d3e3c5895c1c1c8b3dd1747ef98d9bbcafd8f17b957f3d03e974e28f29,,5b9bda98dd5625fe4bfd8a5d345536aff0c95461776c4b08cf4763591b10f7c6,accepted,,2026-07-21,https://data.sec.gov/submissions/CIK0001002910.json,https://query1.finance.yahoo.com/v8/finance/chart/AEE
AEP,aios:bounded:sp500:aep,aios:issuer:sec:0000004904,0000004904,AMERICAN ELECTRIC POWER CO INC,AEP,2023-08-01,2026-07-22,yfinance,AEP,386,2025-01-02,2026-07-20,d3a9310c0a98796cfc1107030dc35cc4a8e2c2049c6d6d24bbd684410d2d7468,,07a99a3b137a25e9fdb0e4aa946efa2f7ea74504c7af60fe804fe5a15dd064e0,accepted,,2026-07-21,https://data.sec.gov/submissions/CIK0000004904.json,https://query1.finance.yahoo.com/v8/finance/chart/AEP
AES,aios:bounded:sp500:aes,aios:issuer:sec:0000874761,0000874761,AES CORP,AES,2023-08-01,2026-07-22,yfinance,AES,386,2025-01-02,2026-07-20,171d1193e3893a64e356fbd5041ee50b02dd6743dd11db1607b63afecbcd219d,,39ee3dfaa630a528259de4fe51368e7983d98db19c42913fefacf224f93f59ce,accepted,,2026-07-21,https://data.sec.gov/submissions/CIK0000874761.json,https://query1.finance.yahoo.com/v8/finance/chart/AES
AFL,aios:bounded:sp500:afl,aios:issuer:sec:0000004977,0000004977,AFLAC INC,AFL,2023-08-01,2026-07-22,yfinance,AFL,386,2025-01-02,2026-07-20,bdb5ccee89a8bb25dbc328504244a034ace261188a8360cf181adaca33e8c0bf,,9cd722e81828315b649f004f3d813094363e5f52bcc7c06914356cb1717329cf,accepted,,2026-07-21,https://data.sec.gov/submissions/CIK0000004977.json,https://query1.finance.yahoo.com/v8/finance/chart/AFL
AIG,aios:bounded:sp500:aig,aios:issuer:sec:0000005272,0000005272,"AMERICAN INTERNATIONAL GROUP, INC.",AIG,2023-08-01,2026-07-22,yfinance,AIG,386,2025-01-02,2026-07-20,305bb3fa63ed7cbba5432bce7c8075d74a80b555887fd2ceac18fc8b7bd39494,,b01f9d7edc13c71391cb86e03277250d0b8bbb390d2ca8334332f3e56f80edce,accepted,,2026-07-21,https://data.sec.gov/submissions/CIK0000005272.json,https://query1.finance.yahoo.com/v8/finance/chart/AIG
AIZ,aios:bounded:sp500:aiz,aios:issuer:sec:0001267238,0001267238,"ASSURANT, INC.",AIZ,2023-08-01,2026-07-22,yfinance,AIZ,386,2025-01-02,2026-07-20,305eddce6cd19df18a13458d0e26e2d27f9b352f11a664d677b1fe21df55a1cf,,a47c2cc9396f696f60fd035607c021302457a5bebabdc0f8a1538cb5b6649000,accepted,,2026-07-21,https://data.sec.gov/submissions/CIK0001267238.json,https://query1.finance.yahoo.com/v8/finance/chart/AIZ
AJG,aios:bounded:sp500:ajg,aios:issuer:sec:0000354190,0000354190,Arthur J. Gallagher & Co.,AJG,2023-08-01,2026-07-22,yfinance,AJG,386,2025-01-02,2026-07-20,96dccf38dc555cb769303c1ed5bb3a4941c8518af12b9d558f715d15736d2bfa,,301f47801b800d18720292599bf3da912f1663109299f404624f58de3abe3e99,accepted,,2026-07-21,https://data.sec.gov/submissions/CIK0000354190.json,https://query1.finance.yahoo.com/v8/finance/chart/AJG
AKAM,aios:bounded:sp500:akam,aios:issuer:sec:0001086222,0001086222,AKAMAI TECHNOLOGIES INC,AKAM,2023-08-01,2026-07-22,yfinance,AKAM,386,2025-01-02,2026-07-20,1d2c551ed86d11f93903546204d67e8efe2a3f7c94774ecd7cdea4be1036061e,,2353b6ab67c3ca0495e2b072df1e71aa85a627b571438dbb8e26b4ea734a521d,accepted,,2026-07-21,https://data.sec.gov/submissions/CIK0001086222.json,https://query1.finance.yahoo.com/v8/finance/chart/AKAM
ALB,aios:bounded:sp500:alb,aios:issuer:sec:0000915913,0000915913,ALBEMARLE CORP,ALB,2023-08-01,2026-07-22,yfinance,ALB,386,2025-01-02,2026-07-20,7041a27b71c7487f764046f5e09d7e3ccee44cb1ab19921a9a2d0563ae718ce1,,82e0afbfb815b66fe4bb5818fd4bd5d55c9a6f5530f8f975fecdb580c89ccc53,accepted,,2026-07-21,https://data.sec.gov/submissions/CIK0000915913.json,https://query1.finance.yahoo.com/v8/finance/chart/ALB
ALGN,aios:bounded:sp500:algn,aios:issuer:sec:0001097149,0001097149,ALIGN TECHNOLOGY INC,ALGN,2023-08-01,2026-07-22,yfinance,ALGN,386,2025-01-02,2026-07-20,cb9c9e921b377dd40622eb279df7856a1aab0cbd28070ca49f0ec6afb02fcabd,,5fecd362f0447cff614521baa304b2c4748e41697b7a566ea3c2e40754d8cbb6,accepted,,2026-07-21,https://data.sec.gov/submissions/CIK0001097149.json,https://query1.finance.yahoo.com/v8/finance/chart/ALGN
ALL,aios:bounded:sp500:all,aios:issuer:sec:0000899051,0000899051,ALLSTATE CORP,ALL,2023-08-01,2026-07-22,yfinance,ALL,386,2025-01-02,2026-07-20,ca44ecacea985fc7300e080a0063f6e5ce4621161686f70299920f1884c7cf90,,da9083090332954ab74a1cd62b2848ad2d69896c29b82fa7bea3a1d6d6a40409,accepted,,2026-07-21,https://data.sec.gov/submissions/CIK0000899051.json,https://query1.finance.yahoo.com/v8/finance/chart/ALL
ALLE,aios:bounded:sp500:alle,aios:issuer:sec:0001579241,0001579241,Allegion plc,ALLE,2023-08-01,2026-07-22,yfinance,ALLE,386,2025-01-02,2026-07-20,15bf357a721f9a51dd380fcba9f6911eac8395972e01eaf186013adc8cd8e19c,,a26dd3e9bdfcb9c11303412f202b78264fdc1f49a8da1a070cae89d705bd53cf,accepted,,2026-07-21,https://data.sec.gov/submissions/CIK0001579241.json,https://query1.finance.yahoo.com/v8/finance/chart/ALLE
AMAT,aios:bounded:sp500:amat,aios:issuer:sec:0000006951,0000006951,APPLIED MATERIALS INC /DE,AMAT,2023-08-01,2026-07-22,yfinance,AMAT,386,2025-01-02,2026-07-20,f93221bf6135615d5b9bb7f1493eb57bbb29d9f17d2f16f27c375aff370ac23c,,3ce7b1a6f2f86570c84b6ba0ce6d73d647ebd7bef7c3aa56f3b4b5ad286a8f3b,accepted,,2026-07-21,https://data.sec.gov/submissions/CIK0000006951.json,https://query1.finance.yahoo.com/v8/finance/chart/AMAT
AMCR,aios:bounded:sp500:amcr,aios:issuer:sec:0001748790,0001748790,Amcor plc,AMCR,2023-08-01,2026-07-22,yfinance,AMCR,386,2025-01-02,2026-07-20,3535de5dbda505f155f7450581c55ac7055259f1d902e800d3caf305b7441636,,e51748811795b7d98ec0e526f2ad3947ef51900b59cef27202c9394deddfec52,accepted,,2026-07-21,https://data.sec.gov/submissions/CIK0001748790.json,https://query1.finance.yahoo.com/v8/finance/chart/AMCR
AMD,aios:bounded:sp500:amd,aios:issuer:sec:0000002488,0000002488,ADVANCED MICRO DEVICES INC,AMD,2023-08-01,2026-07-22,yfinance,AMD,386,2025-01-02,2026-07-20,3714b34a0b504683cf3787360c8a22404259945ef8fc534fd6896f9c415af8ed,,56f3e7fd4535f23dc924648aca655bbd8689978d51d9165e4a4b6f26eb4c3bbf,accepted,,2026-07-21,https://data.sec.gov/submissions/CIK0000002488.json,https://query1.finance.yahoo.com/v8/finance/chart/AMD
AME,aios:bounded:sp500:ame,aios:issuer:sec:0001037868,0001037868,AMETEK INC/,AME,2023-08-01,2026-07-22,yfinance,AME,386,2025-01-02,2026-07-20,e032da240e765d883794dbe0db39c104d86973275fe5e3d30f79fa12812024cc,,456a069dac20cf5f6ae5da5af3cec678daa98ddf955a77f9a7460f0e814920b7,accepted,,2026-07-21,https://data.sec.gov/submissions/CIK0001037868.json,https://query1.finance.yahoo.com/v8/finance/chart/AME
AMGN,aios:bounded:sp500:amgn,aios:issuer:sec:0000318154,0000318154,AMGEN INC,AMGN,2023-08-01,2026-07-22,yfinance,AMGN,386,2025-01-02,2026-07-20,9cce5d59f8a15673bdfc56c65cbb53f3ed9091e8a64243bfc1f3e8f27f3c07ed,,1e654d37a1bbcdc6dc2033d404039a303b510e51fd18178e1a0817100117ec20,accepted,,2026-07-21,https://data.sec.gov/submissions/CIK0000318154.json,https://query1.finance.yahoo.com/v8/finance/chart/AMGN
AMP,aios:bounded:sp500:amp,aios:issuer:sec:0000820027,0000820027,AMERIPRISE FINANCIAL INC,AMP,2023-08-01,2026-07-22,yfinance,AMP,386,2025-01-02,2026-07-20,8d9a04ee7dba0bfe2df69516916ccc0f6cafc6ca1e7779f57cbcd96237d736d0,,dae8f846797522c57d7ef912ff72d070abb43dcb69ae33bd591b6e1bebc33780,accepted,,2026-07-21,https://data.sec.gov/submissions/CIK0000820027.json,https://query1.finance.yahoo.com/v8/finance/chart/AMP
AMT,aios:bounded:sp500:amt,aios:issuer:sec:0001053507,0001053507,AMERICAN TOWER CORP /MA/,AMT,2023-08-01,2026-07-22,yfinance,AMT,386,2025-01-02,2026-07-20,bcd3745b12bd08b5cb1931e497157c9e144e51d0274753d20d4221ae0f30984a,,a5e5f93dbdb70e174da2cfe67565b91f01553f08cfbac612437c22c19f670f87,accepted,,2026-07-21,https://data.sec.gov/submissions/CIK0001053507.json,https://query1.finance.yahoo.com/v8/finance/chart/AMT
AMZN,aios:bounded:sp500:amzn,aios:issuer:sec:0001018724,0001018724,AMAZON COM INC,AMZN,2023-08-01,2026-07-22,yfinance,AMZN,386,2025-01-02,2026-07-20,978da44c934c938c209cfe2e9f343f66989b405e7607e54e5792e228e37aae02,,428126477d015fbc7df26acc281a373bb2a086add6c878810a7842577b5aca55,accepted,,2026-07-21,https://data.sec.gov/submissions/CIK0001018724.json,https://query1.finance.yahoo.com/v8/finance/chart/AMZN
ANET,aios:bounded:sp500:anet,aios:issuer:sec:0001596532,0001596532,"Arista Networks, Inc.",ANET,2023-08-01,2026-07-22,yfinance,ANET,386,2025-01-02,2026-07-20,9835cb927d15ef2747a237188d473024c95cfff724203275f41f002715fd0641,,92e81ad2562d201023718dbf56dc992b4a632cd50d7ca181e91cd38ff88df038,accepted,,2026-07-21,https://data.sec.gov/submissions/CIK0001596532.json,https://query1.finance.yahoo.com/v8/finance/chart/ANET
AON,aios:bounded:sp500:aon,aios:issuer:sec:0000315293,0000315293,Aon plc,AON,2023-08-01,2026-07-22,yfinance,AON,386,2025-01-02,2026-07-20,9272e2c4c3f0a779487a71715c4530a2378d09b50f333b15f609ba322af3d4b5,,9670906e63bd39811f2f2bd10af02df275fd3498874d999eda0a992ea1aaad97,accepted,,2026-07-21,https://data.sec.gov/submissions/CIK0000315293.json,https://query1.finance.yahoo.com/v8/finance/chart/AON
AOS,aios:bounded:sp500:aos,aios:issuer:sec:0000091142,0000091142,SMITH A O CORP,AOS,2023-08-01,2026-07-22,yfinance,AOS,386,2025-01-02,2026-07-20,cd0a08d6cc966d30ffa0800621478bc5bc39b63285e568d11e9a161c3bd01443,,c35d97f0a648917090e2676a588fe0c2fb283aad6c3bafeeb757396304424a2a,accepted,,2026-07-21,https://data.sec.gov/submissions/CIK0000091142.json,https://query1.finance.yahoo.com/v8/finance/chart/AOS
APA,aios:bounded:sp500:apa,aios:issuer:sec:0001841666,0001841666,APA Corp,APA,2023-08-01,2026-07-22,yfinance,APA,386,2025-01-02,2026-07-20,a47bcc9e4d2ff3cbcc4f1ec5d0c14e33154a3e341650c4d528289ec40a728151,,8066b5d614c141b12319496841e9b1ad85f7c5eb94c46f79f5fd430c594d8969,accepted,,2026-07-21,https://data.sec.gov/submissions/CIK0001841666.json,https://query1.finance.yahoo.com/v8/finance/chart/APA
APD,aios:bounded:sp500:apd,aios:issuer:sec:0000002969,0000002969,"Air Products & Chemicals, Inc.",APD,2023-08-01,2026-07-22,yfinance,APD,386,2025-01-02,2026-07-20,e298edf4cd18c8c85cbba030d7526c1589007168f1133b9f2867bb267b569bfb,,6f79c6c3985d02de85042776e2b4abf6683876f0237631e68f24f306680d978d,accepted,,2026-07-21,https://data.sec.gov/submissions/CIK0000002969.json,https://query1.finance.yahoo.com/v8/finance/chart/APD
APH,aios:bounded:sp500:aph,aios:issuer:sec:0000820313,0000820313,AMPHENOL CORP /DE/,APH,2023-08-01,2026-07-22,yfinance,APH,386,2025-01-02,2026-07-20,98fa2ad67cb48be427decf78b79cf6ab5b8380207b5b27a82e5081310f62ca49,,90a3ba4c31f503a2f00cc0356cdc3c5c2bec79e148f6299ab00865cdd02eee42,accepted,,2026-07-21,https://data.sec.gov/submissions/CIK0000820313.json,https://query1.finance.yahoo.com/v8/finance/chart/APH
APO,aios:bounded:sp500:apo,aios:issuer:sec:0001858681,0001858681,"Apollo Global Management, Inc.",APO,2024-12-23,2026-07-22,yfinance,APO,386,2025-01-02,2026-07-20,6c5a6221227ad7a76c84ceb5c87d8c08d510905a069d767f08f29b762040379e,,9dc85a656e9f3303f7c94be919bb1e589df63385550f55621a8bd2abcb40520b,accepted,,2026-07-21,https://data.sec.gov/submissions/CIK0001858681.json,https://query1.finance.yahoo.com/v8/finance/chart/APO
APP,aios:bounded:sp500:app,aios:issuer:sec:0001751008,0001751008,AppLovin Corp,APP,2025-09-22,2026-07-22,yfinance,APP,207,2025-09-22,2026-07-20,f018b2493cbcadc6c8a43bdbd2752ffc72c90a11c8d59ea28b86a8f77373bd26,,d07cd23cdb390238c05037cfd1ec1afe00321014dbcf72aef3c75a03235953b6,accepted,,2026-07-21,https://data.sec.gov/submissions/CIK0001751008.json,https://query1.finance.yahoo.com/v8/finance/chart/APP
APTV,aios:bounded:sp500:aptv,aios:issuer:sec:0001521332,0001521332,Aptiv PLC,APTV,2023-08-01,2026-07-22,yfinance,APTV,386,2025-01-02,2026-07-20,8513cf3be208e976df9ed07fc99bc202c534f58818c9d7b1dc6174e1b6ee1d9a,,50db40a6cb2401e0181f856943b8bd5ca84bdd0bd267e76eead7cd938a158eb8,accepted,,2026-07-21,https://data.sec.gov/submissions/CIK0001521332.json,https://query1.finance.yahoo.com/v8/finance/chart/APTV
ARE,aios:bounded:sp500:are,aios:issuer:sec:0001035443,0001035443,"ALEXANDRIA REAL ESTATE EQUITIES, INC.",ARE,2023-08-01,2026-07-22,yfinance,ARE,386,2025-01-02,2026-07-20,70c4bb888e304cb8ff6db28c61d8de1ccc00da75d3da240de29b208a5da1f5a2,,7f81820963debfe43de8b91dab596bab08e340a52135dbd3d882276a5cccd2d3,accepted,,2026-07-21,https://data.sec.gov/submissions/CIK0001035443.json,https://query1.finance.yahoo.com/v8/finance/chart/ARE
ARES,aios:bounded:sp500:ares,aios:issuer:sec:0001176948,0001176948,Ares Management Corp,ARES,2025-12-11,2026-07-22,yfinance,ARES,150,2025-12-11,2026-07-20,f6a2e3f289fb6b2fae45a0e3ee366b52fa42dbf7ea31937b68e462423f029b9b,,fc756454bfc3c9e5353acaf875861f1564dea8f7b27bb8f16b42a8405eba2d78,accepted,,2026-07-21,https://data.sec.gov/submissions/CIK0001176948.json,https://query1.finance.yahoo.com/v8/finance/chart/ARES
ATO,aios:bounded:sp500:ato,aios:issuer:sec:0000731802,0000731802,ATMOS ENERGY CORP,ATO,2023-08-01,2026-07-22,yfinance,ATO,386,2025-01-02,2026-07-20,581f88c119f2ad095d01c1e9e775204583886aa458ec09b7a2e1981c8c3d5831,,99e0b104788096dd8bb2ca8da3b802a29364f010c9dd19b4c14858cdf9b15cf9,accepted,,2026-07-21,https://data.sec.gov/submissions/CIK0000731802.json,https://query1.finance.yahoo.com/v8/finance/chart/ATO
AVB,aios:bounded:sp500:avb,aios:issuer:sec:0000915912,0000915912,AVALONBAY COMMUNITIES INC,AVB,2023-08-01,2026-07-22,yfinance,AVB,386,2025-01-02,2026-07-20,a63deb96640b56d7017b7990ab09a8b126a0240ea68342305558cf9497c005d3,,ecd2a6d037b9164ef472cc32c173851cc76350eac8f2047c756152745c4487ab,accepted,,2026-07-21,https://data.sec.gov/submissions/CIK0000915912.json,https://query1.finance.yahoo.com/v8/finance/chart/AVB
AVGO,aios:bounded:sp500:avgo,aios:issuer:sec:0001730168,0001730168,Broadcom Inc.,AVGO,2023-08-01,2026-07-22,yfinance,AVGO,386,2025-01-02,2026-07-20,524e71ea55373538caa5f49bddd2b7af2b3a32dceb57111872146869358a9f4c,,021778cbed01383b272242d97f65dd4d733c3f6a5c76bada90059108e61e6032,accepted,,2026-07-21,https://data.sec.gov/submissions/CIK0001730168.json,https://query1.finance.yahoo.com/v8/finance/chart/AVGO
AVY,aios:bounded:sp500:avy,aios:issuer:sec:0000008818,0000008818,Avery Dennison Corp,AVY,2023-08-01,2026-07-22,yfinance,AVY,386,2025-01-02,2026-07-20,5a8a0043ddf681913c3b9e94143193d5c548ee2a30fa736ec73e0ade64566abe,,42dedbff9aa24288e01a03b5d57bc137b681ba663b7959373068a36c4838583b,accepted,,2026-07-21,https://data.sec.gov/submissions/CIK0000008818.json,https://query1.finance.yahoo.com/v8/finance/chart/AVY
AWK,aios:bounded:sp500:awk,aios:issuer:sec:0001410636,0001410636,"American Water Works Company, Inc.",AWK,2023-08-01,2026-07-22,yfinance,AWK,386,2025-01-02,2026-07-20,1f2e4826e6722c08fce5371eaf139a98424a3bd0c56f9d9aac8f1d60866d4529,,1da6765847790380047fe0c160339bc99a80c08f519a61acaaf1fd664fa6ba1c,accepted,,2026-07-21,https://data.sec.gov/submissions/CIK0001410636.json,https://query1.finance.yahoo.com/v8/finance/chart/AWK
AXON,aios:bounded:sp500:axon,aios:issuer:sec:0001069183,0001069183,"AXON ENTERPRISE, INC.",AXON,2023-08-01,2026-07-22,yfinance,AXON,386,2025-01-02,2026-07-20,9e824175375440c23f80c1921c99706cf8e5a96a80a4ff79b3d372d970721e52,,2b5d813fa1abc9e38f00c6ec19fb466ab707f62806529df337b53ee2ab14d738,accepted,,2026-07-21,https://data.sec.gov/submissions/CIK0001069183.json,https://query1.finance.yahoo.com/v8/finance/chart/AXON
AXP,aios:bounded:sp500:axp,aios:issuer:sec:0000004962,0000004962,AMERICAN EXPRESS CO,AXP,2023-08-01,2026-07-22,yfinance,AXP,386,2025-01-02,2026-07-20,6ed3ad199f877aecb374e05baa6886d52b691f34a5f4b317596f2c8ddbd4d77a,,8012907cdba6289c2a8c71b107a47bb6599a5b0274b8a65e9884f977003587a2,accepted,,2026-07-21,https://data.sec.gov/submissions/CIK0000004962.json,https://query1.finance.yahoo.com/v8/finance/chart/AXP
AZO,aios:bounded:sp500:azo,aios:issuer:sec:0000866787,0000866787,AUTOZONE INC,AZO,2023-08-01,2026-07-22,yfinance,AZO,386,2025-01-02,2026-07-20,5238c2e619197d248ecabb8a58301121fda117e710ba642dcc441e1fb6956325,,11f89442b4c95520b4e35107b2f7ecae0400abd0dc5ed8c975aa39e53a18d5db,accepted,,2026-07-21,https://data.sec.gov/submissions/CIK0000866787.json,https://query1.finance.yahoo.com/v8/finance/chart/AZO
BA,aios:bounded:sp500:ba,aios:issuer:sec:0000012927,0000012927,BOEING CO,BA,2023-08-01,2026-07-22,yfinance,BA,386,2025-01-02,2026-07-20,f1da3133cef4f1605826b55055f70e8a6c8484c65f63ff0770b356a351fcceec,,7646eb5d6af7ccc39cd6c1748b8e0b91754b86cdb59f4e568dc43d4aac90955a,accepted,,2026-07-21,https://data.sec.gov/submissions/CIK0000012927.json,https://query1.finance.yahoo.com/v8/finance/chart/BA
BAC,aios:bounded:sp500:bac,aios:issuer:sec:0000070858,0000070858,BANK OF AMERICA CORP /DE/,BAC,2023-08-01,2026-07-22,yfinance,BAC,386,2025-01-02,2026-07-20,641067155e83b78bf7e552e30ea80a16fcc92f4f11d034541e26e812d7312656,https://data.sec.gov/submissions/CIK0000070858-submissions-003.json,bfb18828fd207323828de656a8eaad839dd0564aabce77a2c45940aab125bf90,accepted,,2026-07-21,https://data.sec.gov/submissions/CIK0000070858.json,https://query1.finance.yahoo.com/v8/finance/chart/BAC
BALL,aios:bounded:sp500:ball,aios:issuer:sec:0000009389,0000009389,BALL Corp,BALL,2023-08-01,2026-07-22,yfinance,BALL,386,2025-01-02,2026-07-20,1f5adbecf6ebec8307c059349b3cec284c11308e5ffe236d896b0c83c3df083d,,c1e8829ade72a163ae9dbd54c8371be2d809c5d2a1185dfd9e4c66af4c0459bc,accepted,,2026-07-21,https://data.sec.gov/submissions/CIK0000009389.json,https://query1.finance.yahoo.com/v8/finance/chart/BALL
BAX,aios:bounded:sp500:bax,aios:issuer:sec:0000010456,0000010456,BAXTER INTERNATIONAL INC,BAX,2023-08-01,2026-07-22,yfinance,BAX,386,2025-01-02,2026-07-20,4480688420a13824524b4c19c1d853b53cc1c041bb966e4e1f77d19b83440a80,,52456c117184bba25ca0c82b9fbbc990ae4d04dd2174103ba7e7ffb7d92e0e04,accepted,,2026-07-21,https://data.sec.gov/submissions/CIK0000010456.json,https://query1.finance.yahoo.com/v8/finance/chart/BAX
BBY,aios:bounded:sp500:bby,aios:issuer:sec:0000764478,0000764478,BEST BUY CO INC,BBY,2023-08-01,2026-07-22,yfinance,BBY,386,2025-01-02,2026-07-20,4f0a5f03410883e581f5d227b645a66ca97fbc1e2a23d5089d43b560aee714c3,,289dd1e48e35d778f22fce2f5985695671de27745e912fa3c5d7976c62cecb38,accepted,,2026-07-21,https://data.sec.gov/submissions/CIK0000764478.json,https://query1.finance.yahoo.com/v8/finance/chart/BBY
BDX,aios:bounded:sp500:bdx,aios:issuer:sec:0000010795,0000010795,BECTON DICKINSON & CO,BDX,2023-08-01,2026-07-22,yfinance,BDX,386,2025-01-02,2026-07-20,c435ccd8daeab03f0a8324e1321703eaf4252b6b8453483fac7ca3f31b1c0f55,,90cd3e8bc529aced5f1fff0df7b8c9ac77b8fd70073021f6a7da2aba7932c02a,accepted,,2026-07-21,https://data.sec.gov/submissions/CIK0000010795.json,https://query1.finance.yahoo.com/v8/finance/chart/BDX
BEN,aios:bounded:sp500:ben,aios:issuer:sec:0000038777,0000038777,FRANKLIN RESOURCES INC,BEN,2023-08-01,2026-07-22,yfinance,BEN,386,2025-01-02,2026-07-20,1c4c4d4687a4dd2cdaffeffcbe086d462d4e8ca7d0e0679daf7d239224b71356,,52940fc7febae218bcd59b5bdcb53cf1e97c86e4cece831cc471155df632137e,accepted,,2026-07-21,https://data.sec.gov/submissions/CIK0000038777.json,https://query1.finance.yahoo.com/v8/finance/chart/BEN
BF.B,aios:bounded:sp500:bf.b,aios:issuer:sec:0000014693,0000014693,BROWN FORMAN CORP,BF-B,2023-08-01,2026-07-22,yfinance,BF-B,386,2025-01-02,2026-07-20,c109ff9006d971115cad775be3057f305909d48200b5c2b5264cdaef47f4d2b5,,d4db999f3a8ea9776501b217935e8e75cfd488ed5b0ad766d1e981b01e3c6b68,accepted,,2026-07-21,https://data.sec.gov/submissions/CIK0000014693.json,https://query1.finance.yahoo.com/v8/finance/chart/BF-B
BG,aios:bounded:sp500:bg,aios:issuer:sec:0001996862,0001996862,Bunge Global SA,BG,2023-08-01,2026-07-22,yfinance,BG,386,2025-01-02,2026-07-20,63e0d1a56efc6d6cb8606c92ec6e2efafc5c7c3e3a123f2d96b28d7e79c649ae,,ab1ded426fe66e382df92bf29739a27401bdd6a8d2c098e9b5cd0dcf22193254,accepted,,2026-07-21,https://data.sec.gov/submissions/CIK0001996862.json,https://query1.finance.yahoo.com/v8/finance/chart/BG
BIIB,aios:bounded:sp500:biib,aios:issuer:sec:0000875045,0000875045,BIOGEN INC.,BIIB,2023-08-01,2026-07-22,yfinance,BIIB,386,2025-01-02,2026-07-20,3aec04d9f0374bd71e47afbcc911337372ca6b620b3dfc82c03107e9480a6e41,,a91204a478c6666c2df14066a9d2cbb0f7008779c57366de399bc29a95e973d3,accepted,,2026-07-21,https://data.sec.gov/submissions/CIK0000875045.json,https://query1.finance.yahoo.com/v8/finance/chart/BIIB
BKNG,aios:bounded:sp500:bkng,aios:issuer:sec:0001075531,0001075531,Booking Holdings Inc.,BKNG,2023-08-01,2026-07-22,yfinance,BKNG,386,2025-01-02,2026-07-20,5eb4cc2bd1ff3828f17ed4b5ba1d1fe72c0ce06c234cc808a41c2b34ef143f60,,2d3559f3f295964b2eb165ae08749b2936fb31f26c88b3ed1c03ebe9d494a57f,accepted,,2026-07-21,https://data.sec.gov/submissions/CIK0001075531.json,https://query1.finance.yahoo.com/v8/finance/chart/BKNG
BKR,aios:bounded:sp500:bkr,aios:issuer:sec:0001701605,0001701605,Baker Hughes Co,BKR,2023-08-01,2026-07-22,yfinance,BKR,386,2025-01-02,2026-07-20,61acc696342aea5ffbf4aec79556656caa8b59fa68735a55379ff6a96503c179,,12053a2a937cfee229e4632ec9528cdd350f219fca6439fbc821cc4632e05de3,accepted,,2026-07-21,https://data.sec.gov/submissions/CIK0001701605.json,https://query1.finance.yahoo.com/v8/finance/chart/BKR
BLDR,aios:bounded:sp500:bldr,aios:issuer:sec:0001316835,0001316835,"Builders FirstSource, Inc.",BLDR,2023-12-18,2026-07-22,yfinance,BLDR,386,2025-01-02,2026-07-20,e98e1c3ed6bdbc639421bfb46fdf66bc533fbc75634157156d508e59690460a2,,ded40e7cc950102b36fe127a5e5a1831627c5ca0fed766f13875c6952e01fd33,accepted,,2026-07-21,https://data.sec.gov/submissions/CIK0001316835.json,https://query1.finance.yahoo.com/v8/finance/chart/BLDR
BLK,aios:bounded:sp500:blk,aios:issuer:sec:0002012383,0002012383,"BlackRock, Inc.",BLK,2023-08-01,2026-07-22,yfinance,BLK,386,2025-01-02,2026-07-20,b38f3e5404024543aa749f040dfc7a05037e1da8403e9f7e43cf2bc73f28ac9c,https://data.sec.gov/submissions/CIK0002012383-submissions-002.json,d81ea7a03edc8a43b7fe641df4dd1d4a3c5cb6503aa6d2e3da89b7367d710ac1,accepted,,2026-07-21,https://data.sec.gov/submissions/CIK0002012383.json,https://query1.finance.yahoo.com/v8/finance/chart/BLK
BMY,aios:bounded:sp500:bmy,aios:issuer:sec:0000014272,0000014272,BRISTOL MYERS SQUIBB CO,BMY,2023-08-01,2026-07-22,yfinance,BMY,386,2025-01-02,2026-07-20,41ed5275d315fbfb66c84b1f00db512e96707d7cccb20f3dc39bf5261c318fb4,,428e8072fc380cf305c9df345125a736d3767bdb5a130522b6ebcfb6a9559db1,accepted,,2026-07-21,https://data.sec.gov/submissions/CIK0000014272.json,https://query1.finance.yahoo.com/v8/finance/chart/BMY
BNY,aios:bounded:sp500:bk,aios:issuer:sec:0001390777,0001390777,Bank of New York Mellon Corp,BNY,2026-05-21,2026-07-22,yfinance,BNY,40,2026-05-21,2026-07-20,a762aca440d3207a2caaa5f15358c79b3327a55b0a159efad821321d5d7bc5be,,9b7f55fc2b89b5eb377a033c03639ccee432716c6d033ab8fda4eb5969b4bc0c,accepted,,2026-07-21,https://data.sec.gov/submissions/CIK0001390777.json,https://query1.finance.yahoo.com/v8/finance/chart/BNY
BR,aios:bounded:sp500:br,aios:issuer:sec:0001383312,0001383312,"BROADRIDGE FINANCIAL SOLUTIONS, INC.",BR,2023-08-01,2026-07-22,yfinance,BR,386,2025-01-02,2026-07-20,487454a3af74e688e6d277e9c0fde3d6e7968a2b4512dd930e7d33c67a15a757,,d0218b2b18b93d7f7e2f93cbe9991f53a7abf2f8c6491c1c855a6534709b0a41,accepted,,2026-07-21,https://data.sec.gov/submissions/CIK0001383312.json,https://query1.finance.yahoo.com/v8/finance/chart/BR
BRK.B,aios:bounded:sp500:brk.b,aios:issuer:sec:0001067983,0001067983,BERKSHIRE HATHAWAY INC,BRK-B,2023-08-01,2026-07-22,yfinance,BRK-B,386,2025-01-02,2026-07-20,0203b6bd91abcb3d4afab1195cb7d0923f4d1480d5c5ea1f5e19dcaeb7cee780,,ff174ebf197d71ae74c1bd5e03f0a3fa8b36a6417489f19049dd0e2933d179fb,accepted,,2026-07-21,https://data.sec.gov/submissions/CIK0001067983.json,https://query1.finance.yahoo.com/v8/finance/chart/BRK-B
BRO,aios:bounded:sp500:bro,aios:issuer:sec:0000079282,0000079282,"BROWN & BROWN, INC.",BRO,2023-08-01,2026-07-22,yfinance,BRO,386,2025-01-02,2026-07-20,b6dd7545fcb74005b8049a5ced7fa109a944fa39c45dfe212a6ab6a19ef754bc,,83c0e3f762e046e06ef28b4fa93a215f2a2a6ad2a0a41762c60c2679ede059d2,accepted,,2026-07-21,https://data.sec.gov/submissions/CIK0000079282.json,https://query1.finance.yahoo.com/v8/finance/chart/BRO
BSX,aios:bounded:sp500:bsx,aios:issuer:sec:0000885725,0000885725,BOSTON SCIENTIFIC CORP,BSX,2023-08-01,2026-07-22,yfinance,BSX,386,2025-01-02,2026-07-20,db567e97f47251cf307dc120a5c0b0abd1233c2156a004e81726332c7d720aaa,,e396226b5ed847dd19d624998639141fc83b26f7e06f5f721f7a1667616f931e,accepted,,2026-07-21,https://data.sec.gov/submissions/CIK0000885725.json,https://query1.finance.yahoo.com/v8/finance/chart/BSX
BX,aios:bounded:sp500:bx,aios:issuer:sec:0001393818,0001393818,Blackstone Inc.,BX,2023-09-18,2026-07-22,yfinance,BX,386,2025-01-02,2026-07-20,60c0b55378f57d87b3141a39a3544badece7d84f6bb8f3886b3e32c647bf5f39,,edb24aa127ab97c7c96cd05ea8b4be4dfe59c96b2452e102badcd0779231defd,accepted,,2026-07-21,https://data.sec.gov/submissions/CIK0001393818.json,https://query1.finance.yahoo.com/v8/finance/chart/BX
BXP,aios:bounded:sp500:bxp,aios:issuer:sec:0001037540,0001037540,"BXP, Inc.",BXP,2023-08-01,2026-07-22,yfinance,BXP,386,2025-01-02,2026-07-20,79e598660bc056dc3409f0eb2efc79730701495c2a960362dfbe6683d802190c,,77c630689c700dc21df24a55116ba311f7a05be20af657616e32e5b9e4634fee,accepted,,2026-07-21,https://data.sec.gov/submissions/CIK0001037540.json,https://query1.finance.yahoo.com/v8/finance/chart/BXP
C,aios:bounded:sp500:c,aios:issuer:sec:0000831001,0000831001,CITIGROUP INC,C,2023-08-01,2026-07-22,yfinance,C,386,2025-01-02,2026-07-20,2de5c13b0513f701e973a911d14fcb256ab9fa4dc0e5e35425a35be91b750731,https://data.sec.gov/submissions/CIK0000831001-submissions-003.json,bf349b197ab8dc7e196921a92b19eb6497779f46b2cdaa572459dd06e2c9623d,accepted,,2026-07-21,https://data.sec.gov/submissions/CIK0000831001.json,https://query1.finance.yahoo.com/v8/finance/chart/C
CAH,aios:bounded:sp500:cah,aios:issuer:sec:0000721371,0000721371,CARDINAL HEALTH INC,CAH,2023-08-01,2026-07-22,yfinance,CAH,386,2025-01-02,2026-07-20,241ca19a204865a6d346d153e129a937e6e094f50fb175b1a99654ad785aa677,,13620762cd68f18282dcc8f9ea4dd617228be3d7a3ee8bde06d3789b39640fad,accepted,,2026-07-21,https://data.sec.gov/submissions/CIK0000721371.json,https://query1.finance.yahoo.com/v8/finance/chart/CAH
CARR,aios:bounded:sp500:carr,aios:issuer:sec:0001783180,0001783180,CARRIER GLOBAL Corp,CARR,2023-08-01,2026-07-22,yfinance,CARR,386,2025-01-02,2026-07-20,7b74e381c214ce57f1ee505e1228eb10fece5d65ef30950eae8d36200ca35909,,54f1a22036a39c6e809b53a65822705c4cd61dfefea9f5546977aaaf1714a15b,accepted,,2026-07-21,https://data.sec.gov/submissions/CIK0001783180.json,https://query1.finance.yahoo.com/v8/finance/chart/CARR
CASY,aios:bounded:sp500:casy,aios:issuer:sec:0000726958,0000726958,CASEYS GENERAL STORES INC,CASY,2026-04-09,2026-07-22,yfinance,CASY,70,2026-04-09,2026-07-20,5e0566c12e05b5e373155877c7f94ad49b6451496b7bc7902b1f71024039d753,,f7f9db32cc3babeca0b71c8d77f6793ca509dc2d2c3c70137560185be72aae04,accepted,,2026-07-21,https://data.sec.gov/submissions/CIK0000726958.json,https://query1.finance.yahoo.com/v8/finance/chart/CASY
CAT,aios:bounded:sp500:cat,aios:issuer:sec:0000018230,0000018230,CATERPILLAR INC,CAT,2023-08-01,2026-07-22,yfinance,CAT,386,2025-01-02,2026-07-20,b45e0457b8144ec8e14c023b5eb3f80e96c08c56f0532aefbe3bc29e3b24f1b7,,e2fc456a2a5cc2bffa2fd2d8901a27932f7f7ef075eb6d667b9384c6053b61b7,accepted,,2026-07-21,https://data.sec.gov/submissions/CIK0000018230.json,https://query1.finance.yahoo.com/v8/finance/chart/CAT
CB,aios:bounded:sp500:cb,aios:issuer:sec:0000896159,0000896159,Chubb Ltd,CB,2023-08-01,2026-07-22,yfinance,CB,386,2025-01-02,2026-07-20,c4b90fce1935bfb94d8b5a4d6065be1f2d402fa18c258cf772be6a439322f72f,,c3b8acc33e6a6706b907cfb01f3a90719535699c9e06327cc0e1f102fc5f8bbe,accepted,,2026-07-21,https://data.sec.gov/submissions/CIK0000896159.json,https://query1.finance.yahoo.com/v8/finance/chart/CB
CBOE,aios:bounded:sp500:cboe,aios:issuer:sec:0001374310,0001374310,"Cboe Global Markets, Inc.",CBOE,2023-08-01,2026-07-22,yfinance,CBOE,386,2025-01-02,2026-07-20,c868ca09b846eeb150e684ed1734785514bb98a90ad397d447dc4abeb5fb5011,,c5a8065bfbafeec6bbff2f241d2409a472c204ac62475142399eeb441888c47f,accepted,,2026-07-21,https://data.sec.gov/submissions/CIK0001374310.json,https://query1.finance.yahoo.com/v8/finance/chart/CBOE
CBRE,aios:bounded:sp500:cbre,aios:issuer:sec:0001138118,0001138118,"CBRE GROUP, INC.",CBRE,2023-08-01,2026-07-22,yfinance,CBRE,386,2025-01-02,2026-07-20,92c5cf49fe532b578ac7784b31e79f1622fa624d14c8cb68c49fe44af457e838,,96335b6f68434490b18013af7b27086f44c38e30e6b0182a61e9528014855c6e,accepted,,2026-07-21,https://data.sec.gov/submissions/CIK0001138118.json,https://query1.finance.yahoo.com/v8/finance/chart/CBRE
CCI,aios:bounded:sp500:cci,aios:issuer:sec:0001051470,0001051470,CROWN CASTLE INC.,CCI,2023-08-01,2026-07-22,yfinance,CCI,386,2025-01-02,2026-07-20,14e14c470ce4cd6c5ab3ab809231458a49fe5e6076ff4ea4075d67d7216864e6,,7ce28b333de30ae316891005bfe070e32aeb8bc871782f51cbd7f7dcdeb69bdf,accepted,,2026-07-21,https://data.sec.gov/submissions/CIK0001051470.json,https://query1.finance.yahoo.com/v8/finance/chart/CCI
CCL,aios:bounded:sp500:ccl,aios:issuer:sec:0000815097,0000815097,Carnival Corp Ltd.,CCL,2023-08-01,2026-07-22,yfinance,CCL,386,2025-01-02,2026-07-20,c4faf1b352f026b87eeea8ecf90aff350b0131e39198b03022f75373c1151606,,4566d21e6592c7a704c88ed049d96db0d536804462c4898716a3a3e21b40c43e,accepted,,2026-07-21,https://data.sec.gov/submissions/CIK0000815097.json,https://query1.finance.yahoo.com/v8/finance/chart/CCL
CDNS,aios:bounded:sp500:cdns,aios:issuer:sec:0000813672,0000813672,CADENCE DESIGN SYSTEMS INC,CDNS,2023-08-01,2026-07-22,yfinance,CDNS,386,2025-01-02,2026-07-20,cc4924a84d35f88b65f6727a08d0cece22322b187da6a43960dde7bcbf9fd3e4,,6dd8de8ba5b10ed6fe1157413c2eb476c51e8fd990ec2b97779b3de97c3ae68a,accepted,,2026-07-21,https://data.sec.gov/submissions/CIK0000813672.json,https://query1.finance.yahoo.com/v8/finance/chart/CDNS
CDW,aios:bounded:sp500:cdw,aios:issuer:sec:0001402057,0001402057,CDW Corp,CDW,2023-08-01,2026-07-22,yfinance,CDW,386,2025-01-02,2026-07-20,af7d678c0d4d2e012c51e998144ae745b1ba99e2fc553775f5f8196c36c01583,,d94e74443dfffe9d68cda559ee723810dec988c68cd87327f3da13dcd2fb3040,accepted,,2026-07-21,https://data.sec.gov/submissions/CIK0001402057.json,https://query1.finance.yahoo.com/v8/finance/chart/CDW
CEG,aios:bounded:sp500:ceg,aios:issuer:sec:0001868275,0001868275,Constellation Energy Corp,CEG,2023-08-01,2026-07-22,yfinance,CEG,386,2025-01-02,2026-07-20,bd5b4d37a9d2c078e07875650e6c25c72393539f996abfa652b6cf767c2fdef2,,9350cb3d00c5141554a7a4c81584092c7d26489c512ffd005ea5aaf01186d771,accepted,,2026-07-21,https://data.sec.gov/submissions/CIK0001868275.json,https://query1.finance.yahoo.com/v8/finance/chart/CEG
CF,aios:bounded:sp500:cf,aios:issuer:sec:0001324404,0001324404,"CF Industries Holdings, Inc.",CF,2023-08-01,2026-07-22,yfinance,CF,386,2025-01-02,2026-07-20,793049ca17fd88c8163e02dc742c821ec3750892ff65c7f910dfae34ed50be05,,2df9d753cda3d2ab781dff879930eafc50b29dc293c72f4d1ec2f9228c4bf3cd,accepted,,2026-07-21,https://data.sec.gov/submissions/CIK0001324404.json,https://query1.finance.yahoo.com/v8/finance/chart/CF
CFG,aios:bounded:sp500:cfg,aios:issuer:sec:0000759944,0000759944,CITIZENS FINANCIAL GROUP INC/RI,CFG,2023-08-01,2026-07-22,yfinance,CFG,386,2025-01-02,2026-07-20,7960337c2d8cb85fb444f3aa395d197252c7a978f57df3d654ef4ca89d4fac89,,d8610cf2bb3565c4035c437e39a6a9be431df82769219e5a2d859c3884cee6c4,accepted,,2026-07-21,https://data.sec.gov/submissions/CIK0000759944.json,https://query1.finance.yahoo.com/v8/finance/chart/CFG
CHD,aios:bounded:sp500:chd,aios:issuer:sec:0000313927,0000313927,CHURCH & DWIGHT CO INC /DE/,CHD,2023-08-01,2026-07-22,yfinance,CHD,386,2025-01-02,2026-07-20,45be2c15c372a4290987e786f0630e3f92faa11d4f97af0f8a6c16bf88c1685f,,9a435e0a0e0b136ff78b4fac89f2619fd029263ccd9b73bb76b5cc7fe0f3f21d,accepted,,2026-07-21,https://data.sec.gov/submissions/CIK0000313927.json,https://query1.finance.yahoo.com/v8/finance/chart/CHD
CHRW,aios:bounded:sp500:chrw,aios:issuer:sec:0001043277,0001043277,"C. H. ROBINSON WORLDWIDE, INC.",CHRW,2023-08-01,2026-07-22,yfinance,CHRW,386,2025-01-02,2026-07-20,2189a8f8689c81a12f1ab7bca222aeb49f38a0e0f3c52e3bdb21b4e36fa0c4bb,,7b52c5891642a6b54526009412d1a40b97116f1790b5deb64f998a4a82d4fd8b,accepted,,2026-07-21,https://data.sec.gov/submissions/CIK0001043277.json,https://query1.finance.yahoo.com/v8/finance/chart/CHRW
CHTR,aios:bounded:sp500:chtr,aios:issuer:sec:0001091667,0001091667,"CHARTER COMMUNICATIONS, INC. /MO/",CHTR,2023-08-01,2026-07-22,yfinance,CHTR,386,2025-01-02,2026-07-20,6e617302d6942a28c324c96dc36f068d577d051e428c2e89be3e12ef2e0dc3f3,,0550b362ca7a512f8c30968cbcbc00caed63bad9069ca5107f884c16b0815d4d,accepted,,2026-07-21,https://data.sec.gov/submissions/CIK0001091667.json,https://query1.finance.yahoo.com/v8/finance/chart/CHTR
CI,aios:bounded:sp500:ci,aios:issuer:sec:0001739940,0001739940,Cigna Group,CI,2023-08-01,2026-07-22,yfinance,CI,386,2025-01-02,2026-07-20,3bd02236e405088a0194b546f1b4d7b191c9605b2db7c83cc378eeb7cdf93091,,9a3e6be8155a512f737814b2a71d0ee704117709f4d3d268dbb0a7451426fca2,accepted,,2026-07-21,https://data.sec.gov/submissions/CIK0001739940.json,https://query1.finance.yahoo.com/v8/finance/chart/CI
CIEN,aios:bounded:sp500:cien,aios:issuer:sec:0000936395,0000936395,CIENA CORP,CIEN,2026-02-09,2026-07-22,yfinance,CIEN,111,2026-02-09,2026-07-20,439765ac39f931b111466fe2fac39e775409a721f38cbe7ceb2668dd81b614d2,,6bb4819fd0e9f127243535da92171ef5a22c45ab56e40d54b7d4a21812eceeda,accepted,,2026-07-21,https://data.sec.gov/submissions/CIK0000936395.json,https://query1.finance.yahoo.com/v8/finance/chart/CIEN
CINF,aios:bounded:sp500:cinf,aios:issuer:sec:0000020286,0000020286,CINCINNATI FINANCIAL CORP,CINF,2023-08-01,2026-07-22,yfinance,CINF,386,2025-01-02,2026-07-20,12863e74318548482c5c3f795e33c3e6b3c275ca2d02f20de41eba3219c0812f,,8a07983dd3c2149229f732ea74d6c2a6d0a242366349634084a857a56099b740,accepted,,2026-07-21,https://data.sec.gov/submissions/CIK0000020286.json,https://query1.finance.yahoo.com/v8/finance/chart/CINF
CL,aios:bounded:sp500:cl,aios:issuer:sec:0000021665,0000021665,COLGATE PALMOLIVE CO,CL,2023-08-01,2026-07-22,yfinance,CL,386,2025-01-02,2026-07-20,4f66eabd400e06d0fe96193f6f2657003dc1fdfdac930dcb68a7a3180e1c23ad,,02dece548277fffd1a43098c37ea0965a59ea11e7b48cf2d45e7162a29806295,accepted,,2026-07-21,https://data.sec.gov/submissions/CIK0000021665.json,https://query1.finance.yahoo.com/v8/finance/chart/CL
CLX,aios:bounded:sp500:clx,aios:issuer:sec:0000021076,0000021076,CLOROX CO /DE/,CLX,2023-08-01,2026-07-22,yfinance,CLX,386,2025-01-02,2026-07-20,d20701ea67ee2ab5204c0224dd554c2d9fa0685f8956adff3b18c636f96729ed,,bd175ce96cc5028257500e60664c908273be0798b932e1ff246fab87bdc5c49c,accepted,,2026-07-21,https://data.sec.gov/submissions/CIK0000021076.json,https://query1.finance.yahoo.com/v8/finance/chart/CLX
CMCSA,aios:bounded:sp500:cmcsa,aios:issuer:sec:0001166691,0001166691,COMCAST CORP,CMCSA,2023-08-01,2026-07-22,yfinance,CMCSA,386,2025-01-02,2026-07-20,54641d813be014c7742946ec7250f301ccb6eea1eaca58f9cdcbc13f4496afc5,,00fd1f76afb69013f80a84e8c6c40bebf7693590dfa4eadd6c1d17ed1f1427ed,accepted,,2026-07-21,https://data.sec.gov/submissions/CIK0001166691.json,https://query1.finance.yahoo.com/v8/finance/chart/CMCSA
CME,aios:bounded:sp500:cme,aios:issuer:sec:0001156375,0001156375,CME GROUP INC.,CME,2023-08-01,2026-07-22,yfinance,CME,386,2025-01-02,2026-07-20,a0294d7adc68172a1340b6a81bfd3da1a2259ede9e3d4e85493dce5d5a6237ba,,1aaa39dd4757f4133731f8c5f0316132c283d55b0dbeb41fe02072b49402a7a3,accepted,,2026-07-21,https://data.sec.gov/submissions/CIK0001156375.json,https://query1.finance.yahoo.com/v8/finance/chart/CME
CMG,aios:bounded:sp500:cmg,aios:issuer:sec:0001058090,0001058090,CHIPOTLE MEXICAN GRILL INC,CMG,2023-08-01,2026-07-22,yfinance,CMG,386,2025-01-02,2026-07-20,dcd175e087271183ca53c1d7d7f944bd7d793300efa1d4e708fe6227a2888d99,,4e6f331670217a960aeabef5adb333b3930c3de73eb4e404ee94f03bb3e25b46,accepted,,2026-07-21,https://data.sec.gov/submissions/CIK0001058090.json,https://query1.finance.yahoo.com/v8/finance/chart/CMG
CMI,aios:bounded:sp500:cmi,aios:issuer:sec:0000026172,0000026172,CUMMINS INC,CMI,2023-08-01,2026-07-22,yfinance,CMI,386,2025-01-02,2026-07-20,da9db2647ccb836037349772b7434c752d0d942ac71be99468aece578d39f58f,,319f66c30102534cc8482384c4d985882d5ea15bee675b6052c59d5c0c165a46,accepted,,2026-07-21,https://data.sec.gov/submissions/CIK0000026172.json,https://query1.finance.yahoo.com/v8/finance/chart/CMI
CMS,aios:bounded:sp500:cms,aios:issuer:sec:0000811156,0000811156,CMS ENERGY CORP,CMS,2023-08-01,2026-07-22,yfinance,CMS,386,2025-01-02,2026-07-20,e6fdfd3dcb2deef581f8219cce3896517288ce4630ebf22c51c2ab82fab25b24,,73e8ee6d0902884e14e487dba0b8b307fe0f6ddbedfa4426a192b16d167789da,accepted,,2026-07-21,https://data.sec.gov/submissions/CIK0000811156.json,https://query1.finance.yahoo.com/v8/finance/chart/CMS
CNC,aios:bounded:sp500:cnc,aios:issuer:sec:0001071739,0001071739,CENTENE CORP,CNC,2023-08-01,2026-07-22,yfinance,CNC,386,2025-01-02,2026-07-20,827ed24a1a81706a0b2b513a0f6fdabc0d971012a93317620d1b168e7a732d6f,,d909e3ed27f5b489380f3e16fff20509799b91981555ff2ce5c6f5c362d2c782,accepted,,2026-07-21,https://data.sec.gov/submissions/CIK0001071739.json,https://query1.finance.yahoo.com/v8/finance/chart/CNC
CNP,aios:bounded:sp500:cnp,aios:issuer:sec:0001130310,0001130310,CENTERPOINT ENERGY INC,CNP,2023-08-01,2026-07-22,yfinance,CNP,386,2025-01-02,2026-07-20,2c50d3b8fe19a75ac07b396ebffde8e3f42c6a314a4ea9ef72ad36d36b9c66e5,,d96adc0a78e938d5cb76f6cb3e2b169d55b75d76bd572f98034124b1ba547e7c,accepted,,2026-07-21,https://data.sec.gov/submissions/CIK0001130310.json,https://query1.finance.yahoo.com/v8/finance/chart/CNP
COF,aios:bounded:sp500:cof,aios:issuer:sec:0000927628,0000927628,CAPITAL ONE FINANCIAL CORP,COF,2023-08-01,2026-07-22,yfinance,COF,386,2025-01-02,2026-07-20,504b96096065827ea5ad2d968b24f37c4ef180e54294288678c6072e7644d0e6,,b516553400bbe72ca67224e047d1a5ac6b8a3e4802be6fb67963b9ab64c581f2,accepted,,2026-07-21,https://data.sec.gov/submissions/CIK0000927628.json,https://query1.finance.yahoo.com/v8/finance/chart/COF
COHR,aios:bounded:sp500:cohr,aios:issuer:sec:0000820318,0000820318,COHERENT CORP.,COHR,2026-03-23,2026-07-22,yfinance,COHR,82,2026-03-23,2026-07-20,c258d69a8b439dc7b1232037b1f31cea4375fe446fee70d18da01bd8ac5588fa,,2d3cb15a00c1848bf183f5e12a10f0f70b1fb3793a104bcec6de23bf115e90df,accepted,,2026-07-21,https://data.sec.gov/submissions/CIK0000820318.json,https://query1.finance.yahoo.com/v8/finance/chart/COHR
COIN,aios:bounded:sp500:coin,aios:issuer:sec:0001679788,0001679788,"Coinbase Global, Inc.",COIN,2025-05-19,2026-07-22,yfinance,COIN,293,2025-05-19,2026-07-20,186755681a59687c29efa32499dde2ae2f729ab1f5d2be0e443effc09a72c6c5,,dabb2718692af4deeb65cbd9be87ef7f78ca028a5310d61abf4648bb5e0ce681,accepted,,2026-07-21,https://data.sec.gov/submissions/CIK0001679788.json,https://query1.finance.yahoo.com/v8/finance/chart/COIN
COO,aios:bounded:sp500:coo,aios:issuer:sec:0000711404,0000711404,"COOPER COMPANIES, INC.",COO,2023-08-01,2026-07-22,yfinance,COO,386,2025-01-02,2026-07-20,962f5908b4337e5a93fda5cfc4ef50d5d5288def37598d1b8c22d133660d2213,,1a8381e35ac21f77cc9baf3769a807ba76f9ab45c9487ec3031a62ecd355ce5f,accepted,,2026-07-21,https://data.sec.gov/submissions/CIK0000711404.json,https://query1.finance.yahoo.com/v8/finance/chart/COO
COP,aios:bounded:sp500:cop,aios:issuer:sec:0001163165,0001163165,CONOCOPHILLIPS,COP,2023-08-01,2026-07-22,yfinance,COP,386,2025-01-02,2026-07-20,49e474573f5d26f5d63f9aeff7917b72803643667b5a0bc4edaab58e94b8d222,,3153abd5369aea7536965bb353fa6ee0bf05c6635bfe044e7c41b2fa2e7af985,accepted,,2026-07-21,https://data.sec.gov/submissions/CIK0001163165.json,https://query1.finance.yahoo.com/v8/finance/chart/COP
COR,aios:security:cencora-common,aios:issuer:sec:0001140859,0001140859,"Cencora, Inc.",COR,2023-08-30,2026-07-22,yfinance,COR,386,2025-01-02,2026-07-20,0bd9b4774741d21a48a847cf400b98211217a1483fb69c14abdffece43886f1e,,523c198d07979a3ed68bdf3ffd3cef7e47daffb8e5b84edc06b46fcf0d99b202,accepted,,2026-07-21,https://data.sec.gov/submissions/CIK0001140859.json,https://query1.finance.yahoo.com/v8/finance/chart/COR
COST,aios:bounded:sp500:cost,aios:issuer:sec:0000909832,0000909832,COSTCO WHOLESALE CORP /NEW,COST,2023-08-01,2026-07-22,yfinance,COST,386,2025-01-02,2026-07-20,f417184262652e08d6d2e7e672b64cb19fd020a391c2f5a09747261598ecc098,,ffe0d33f35d138653b157fd97a59bd90f2575b46d8e7fb8ee3c8b1af9672ad22,accepted,,2026-07-21,https://data.sec.gov/submissions/CIK0000909832.json,https://query1.finance.yahoo.com/v8/finance/chart/COST
CPAY,aios:security:corpay-common,aios:issuer:sec:0001175454,0001175454,"CORPAY, INC.",CPAY,2024-03-25,2026-07-22,yfinance,CPAY,386,2025-01-02,2026-07-20,83031bda15a4e1d91dc37db72f3fed1eb6880362eb992adc596e730ce4df085b,,b7d4f0c40537d804cd2dffb371e4d9cef02c077691ab14e2d57a6c0cc1143617,accepted,,2026-07-21,https://data.sec.gov/submissions/CIK0001175454.json,https://query1.finance.yahoo.com/v8/finance/chart/CPAY
CPRT,aios:bounded:sp500:cprt,aios:issuer:sec:0000900075,0000900075,COPART INC,CPRT,2023-08-01,2026-07-22,yfinance,CPRT,386,2025-01-02,2026-07-20,d8f2ac71db02f3b2106789d5f1122d5b85582384f223704cf68bbba038ec07e0,,d5c33d97379ac74c16cb91b0c8c58c870eb07f832d6c244aed22cfd95bddee51,accepted,,2026-07-21,https://data.sec.gov/submissions/CIK0000900075.json,https://query1.finance.yahoo.com/v8/finance/chart/CPRT
CPT,aios:bounded:sp500:cpt,aios:issuer:sec:0000906345,0000906345,CAMDEN PROPERTY TRUST,CPT,2023-08-01,2026-07-22,yfinance,CPT,386,2025-01-02,2026-07-20,32920d09e69f62d89ad8085d36dfa2590ea09d0de5668ce86c4ef2925b3d519b,,9c57ba4385f5430b10377b4477422b5fe37fd15529b187241fc27e7d4e2ed147,accepted,,2026-07-21,https://data.sec.gov/submissions/CIK0000906345.json,https://query1.finance.yahoo.com/v8/finance/chart/CPT
CRH,aios:bounded:sp500:crh,aios:issuer:sec:0000849395,0000849395,CRH PUBLIC LTD CO,CRH,2025-12-22,2026-07-22,yfinance,CRH,143,2025-12-22,2026-07-20,f55747988959f87e5582933e4a3ea27de32e586723bb4343f541b0f074126721,,2f5552ea0308cd5e0d3644a976af8f9facd0bada71f7e69c0e98a869a297c168,accepted,,2026-07-21,https://data.sec.gov/submissions/CIK0000849395.json,https://query1.finance.yahoo.com/v8/finance/chart/CRH
CRL,aios:bounded:sp500:crl,aios:issuer:sec:0001100682,0001100682,"CHARLES RIVER LABORATORIES INTERNATIONAL, INC.",CRL,2023-08-01,2026-07-22,yfinance,CRL,386,2025-01-02,2026-07-20,1ebe4b09ad931b11f9f553f2ce31a41cd1de92ed3b5103835dac062df6f88d92,,2fef80f4fd0fc5f2b3031b428d0f427008ab2c66949011ea972f7af9fa0f1279,accepted,,2026-07-21,https://data.sec.gov/submissions/CIK0001100682.json,https://query1.finance.yahoo.com/v8/finance/chart/CRL
CRM,aios:bounded:sp500:crm,aios:issuer:sec:0001108524,0001108524,"Salesforce, Inc.",CRM,2023-08-01,2026-07-22,yfinance,CRM,386,2025-01-02,2026-07-20,151d7538fc57b919b68594a96134133d8db0e37e75c60ecef9e113259260301d,,22f28cc70bed2aedefea32d33c2da93d95aa156e959e7a75a5bdb00d89a79f2b,accepted,,2026-07-21,https://data.sec.gov/submissions/CIK0001108524.json,https://query1.finance.yahoo.com/v8/finance/chart/CRM
CRWD,aios:bounded:sp500:crwd,aios:issuer:sec:0001535527,0001535527,"CrowdStrike Holdings, Inc.",CRWD,2024-06-24,2026-07-22,yfinance,CRWD,386,2025-01-02,2026-07-20,78b09659b56ece3af7b545abea355eb383f57df1f7fe23256280015e53c87e97,,fa2da0b8465010b3165ad926a19db75e9e09fb010e86516138653cc0d45fd64d,accepted,,2026-07-21,https://data.sec.gov/submissions/CIK0001535527.json,https://query1.finance.yahoo.com/v8/finance/chart/CRWD
CSCO,aios:bounded:sp500:csco,aios:issuer:sec:0000858877,0000858877,"CISCO SYSTEMS, INC.",CSCO,2023-08-01,2026-07-22,yfinance,CSCO,386,2025-01-02,2026-07-20,934f555c7cca25a1f7b325fe00b7aeab4d08562d33c20ed6fa14745741d62140,,38387e5505d974795f015abca0128d4baf3e968325f627a7d1d1465b88267098,accepted,,2026-07-21,https://data.sec.gov/submissions/CIK0000858877.json,https://query1.finance.yahoo.com/v8/finance/chart/CSCO
CSGP,aios:bounded:sp500:csgp,aios:issuer:sec:0001057352,0001057352,"COSTAR GROUP, INC.",CSGP,2023-08-01,2026-07-22,yfinance,CSGP,386,2025-01-02,2026-07-20,d6c7bae8d17bff9ce4bdc156d6b9d3e507cec1cab5e2b17c467338cdf4d1eb63,,42da8c1ba28fe72fc99518b49ac7ad39b38ef716fe31eee91c1a88d3d97e347c,accepted,,2026-07-21,https://data.sec.gov/submissions/CIK0001057352.json,https://query1.finance.yahoo.com/v8/finance/chart/CSGP
CSX,aios:bounded:sp500:csx,aios:issuer:sec:0000277948,0000277948,CSX CORP,CSX,2023-08-01,2026-07-22,yfinance,CSX,386,2025-01-02,2026-07-20,5626c86be689b4d28428c071924a64ca7ddff66d41ded0c26ecc777ce0c60f2a,,c57b6fa917b97c9ba0bf4c54e4685c2a14dc0b99d718698e21bd1bfff591609d,accepted,,2026-07-21,https://data.sec.gov/submissions/CIK0000277948.json,https://query1.finance.yahoo.com/v8/finance/chart/CSX
CTAS,aios:bounded:sp500:ctas,aios:issuer:sec:0000723254,0000723254,CINTAS CORP,CTAS,2023-08-01,2026-07-22,yfinance,CTAS,386,2025-01-02,2026-07-20,ad83f7a8349b40525a96f91a456ae56f7fb413da4e981c88e35547a46b8db830,,04b15cd969a94cbe08530af49933f0313fc9927a8c213e87dbf81e872aba2b7c,accepted,,2026-07-21,https://data.sec.gov/submissions/CIK0000723254.json,https://query1.finance.yahoo.com/v8/finance/chart/CTAS
CTSH,aios:bounded:sp500:ctsh,aios:issuer:sec:0001058290,0001058290,COGNIZANT TECHNOLOGY SOLUTIONS CORP,CTSH,2023-08-01,2026-07-22,yfinance,CTSH,386,2025-01-02,2026-07-20,7b3999c014495f313df62b77fcff84437905ca50d3aee4b6b8f565de650e1488,,c43cf8e2665096273a63ad97031770b4e6daf45af95ee3640f6389b11a23c02e,accepted,,2026-07-21,https://data.sec.gov/submissions/CIK0001058290.json,https://query1.finance.yahoo.com/v8/finance/chart/CTSH
CTVA,aios:bounded:sp500:ctva,aios:issuer:sec:0001755672,0001755672,"Corteva, Inc.",CTVA,2023-08-01,2026-07-22,yfinance,CTVA,386,2025-01-02,2026-07-20,c782e5a7b0487356a527847f1be076853b81782d46bd9f1ed648d353dd7fc951,,ea78f048c2724fb8a6a9c5778d37255ec84b727f9a6cc4990d40a56bc6fd537e,accepted,,2026-07-21,https://data.sec.gov/submissions/CIK0001755672.json,https://query1.finance.yahoo.com/v8/finance/chart/CTVA
CVNA,aios:bounded:sp500:cvna,aios:issuer:sec:0001690820,0001690820,CARVANA CO.,CVNA,2025-12-22,2026-07-22,yfinance,CVNA,143,2025-12-22,2026-07-20,4aca52ab48fc62e93cf68080c624162a48bd54a95e65d6511da2e702c546f1f1,,fad7030bf6950ee0a6d71b7c7e7a3015986da2b73b5089b9abe5d0ee195b3644,accepted,,2026-07-21,https://data.sec.gov/submissions/CIK0001690820.json,https://query1.finance.yahoo.com/v8/finance/chart/CVNA
CVS,aios:bounded:sp500:cvs,aios:issuer:sec:0000064803,0000064803,CVS HEALTH Corp,CVS,2023-08-01,2026-07-22,yfinance,CVS,386,2025-01-02,2026-07-20,621d63399322289771267ec465c48f41c09032c0eee2f20d86130653585c36be,,e055715b5ab162fb9a0456982749e87e0e0bf1819436f17e9261fdea60f813a2,accepted,,2026-07-21,https://data.sec.gov/submissions/CIK0000064803.json,https://query1.finance.yahoo.com/v8/finance/chart/CVS
CVX,aios:bounded:sp500:cvx,aios:issuer:sec:0000093410,0000093410,CHEVRON CORP,CVX,2023-08-01,2026-07-22,yfinance,CVX,386,2025-01-02,2026-07-20,12ca638c59f75af2ca0620ecd5c44bd264787a26450a754d48a8f7cada6fd6a8,,7dacc928dfb58fc6ee9cebe669578276fda27fd4b7bd5fc512fe710b44142853,accepted,,2026-07-21,https://data.sec.gov/submissions/CIK0000093410.json,https://query1.finance.yahoo.com/v8/finance/chart/CVX
D,aios:bounded:sp500:d,aios:issuer:sec:0000715957,0000715957,"DOMINION ENERGY, INC",D,2023-08-01,2026-07-22,yfinance,D,386,2025-01-02,2026-07-20,653b666a6e2c25d03bf15c5873a4a04eaaae8e9c471e454aa9eb4fe05c48ece6,,d49d4d17c253de240179c246e766ba9329f26101344fa85ad34fa1c3dd56cb73,accepted,,2026-07-21,https://data.sec.gov/submissions/CIK0000715957.json,https://query1.finance.yahoo.com/v8/finance/chart/D
DAL,aios:bounded:sp500:dal,aios:issuer:sec:0000027904,0000027904,"DELTA AIR LINES, INC.",DAL,2023-08-01,2026-07-22,yfinance,DAL,386,2025-01-02,2026-07-20,b11b7703b5aa15dbca0905bb2d56689dd9f38657ac3b86aeee49e5abf522c4d6,,f9504a8b6b5517735699a5e55acaf8ce497e651a533e94cd24f13f3bca8ad29e,accepted,,2026-07-21,https://data.sec.gov/submissions/CIK0000027904.json,https://query1.finance.yahoo.com/v8/finance/chart/DAL
DASH,aios:bounded:sp500:dash,aios:issuer:sec:0001792789,0001792789,"DoorDash, Inc.",DASH,2025-03-24,2026-07-22,yfinance,DASH,332,2025-03-24,2026-07-20,1dc179f278de3b70a17523ef398a0a70a0292d9de328596b67da8bdb73ac98b8,,3942083a74f346d67cdf05d3896d090ec1705f2d3c140e2c0af25e751a3621e1,accepted,,2026-07-21,https://data.sec.gov/submissions/CIK0001792789.json,https://query1.finance.yahoo.com/v8/finance/chart/DASH
DD,aios:bounded:sp500:dd,aios:issuer:sec:0001666700,0001666700,"DuPont de Nemours, Inc.",DD,2023-08-01,2026-07-22,yfinance,DD,386,2025-01-02,2026-07-20,412f14a9ff5b95536bfc7c83f1d33889044056a0c189dbecc02c089d568d270f,,8c9b4f30f1ad25a7b2978f882df20584ac7b24728ed70a740ba5168132ecfb4c,accepted,,2026-07-21,https://data.sec.gov/submissions/CIK0001666700.json,https://query1.finance.yahoo.com/v8/finance/chart/DD
DDOG,aios:bounded:sp500:ddog,aios:issuer:sec:0001561550,0001561550,"Datadog, Inc.",DDOG,2025-07-09,2026-07-22,yfinance,DDOG,259,2025-07-09,2026-07-20,da6c8fac3f9e393a9666002d670dc7864115456c15d4786b61592d65f6d9d9be,,02ba42a494492e6bb04893200dfb1c5b18d0dffc7a8c0e648d67fcc3b0a81b6d,accepted,,2026-07-21,https://data.sec.gov/submissions/CIK0001561550.json,https://query1.finance.yahoo.com/v8/finance/chart/DDOG
DE,aios:bounded:sp500:de,aios:issuer:sec:0000315189,0000315189,DEERE & CO,DE,2023-08-01,2026-07-22,yfinance,DE,386,2025-01-02,2026-07-20,9b73236ed9f783238d1741c07b7923172189d5c66d7c985f140f2cd7f6fdffe8,,c5a60ba9349b10ea1f051b136a2f44c4064f919a1fef5708ae798be104b1c5c7,accepted,,2026-07-21,https://data.sec.gov/submissions/CIK0000315189.json,https://query1.finance.yahoo.com/v8/finance/chart/DE
DECK,aios:bounded:sp500:deck,aios:issuer:sec:0000910521,0000910521,DECKERS OUTDOOR CORP,DECK,2024-03-18,2026-07-22,yfinance,DECK,386,2025-01-02,2026-07-20,e69c6f7a57103c1ced77205045fca780a8ccc706084f29c1c735e9683bbe68d3,,af8522834a6aab0cb58313dd44b1c269bc57e5d986159fe7e46385e85365dafc,accepted,,2026-07-21,https://data.sec.gov/submissions/CIK0000910521.json,https://query1.finance.yahoo.com/v8/finance/chart/DECK
DELL,aios:bounded:sp500:dell,aios:issuer:sec:0001571996,0001571996,Dell Technologies Inc.,DELL,2024-09-23,2026-07-22,yfinance,DELL,386,2025-01-02,2026-07-20,a55ab863eff2e71336fcfb5c1d5d2657bd62425406a530d2366c15bda3954705,,6ed6b1162752b51d727776cca870b29a2e84f5532371d53cf8e40baed4561dad,accepted,,2026-07-21,https://data.sec.gov/submissions/CIK0001571996.json,https://query1.finance.yahoo.com/v8/finance/chart/DELL
DG,aios:bounded:sp500:dg,aios:issuer:sec:0000029534,0000029534,DOLLAR GENERAL CORP,DG,2023-08-01,2026-07-22,yfinance,DG,386,2025-01-02,2026-07-20,729aed03dd09f2f3c4a1c939830eb34f9d660b0384fb398dc472c64e0586caba,,ada8ac2a9e92f881b2a173b6277786d0197e2dd1d93e30db7e19724c2266a6ee,accepted,,2026-07-21,https://data.sec.gov/submissions/CIK0000029534.json,https://query1.finance.yahoo.com/v8/finance/chart/DG
DGX,aios:bounded:sp500:dgx,aios:issuer:sec:0001022079,0001022079,QUEST DIAGNOSTICS INC,DGX,2023-08-01,2026-07-22,yfinance,DGX,386,2025-01-02,2026-07-20,8577f78b5b5a689aa74bcb45a0fcc16d49a2b2e5b50c9f0822fe25c5cfd57a84,,c9e6b1b8629887e4da0d0b5bf1801dadb506a610f813d46185e7c963de8179cf,accepted,,2026-07-21,https://data.sec.gov/submissions/CIK0001022079.json,https://query1.finance.yahoo.com/v8/finance/chart/DGX
DHI,aios:bounded:sp500:dhi,aios:issuer:sec:0000882184,0000882184,HORTON D R INC /DE/,DHI,2023-08-01,2026-07-22,yfinance,DHI,386,2025-01-02,2026-07-20,5a26cee4032c37e5bb9cde742cea87f95a1884471595b207a56e0b7eeead559e,,da4b35c2f6d389b8d862daa866b12953e49281e0a0e1b2821f0867b833e1361f,accepted,,2026-07-21,https://data.sec.gov/submissions/CIK0000882184.json,https://query1.finance.yahoo.com/v8/finance/chart/DHI
DHR,aios:bounded:sp500:dhr,aios:issuer:sec:0000313616,0000313616,DANAHER CORP /DE/,DHR,2023-08-01,2026-07-22,yfinance,DHR,386,2025-01-02,2026-07-20,9a7f0031815865b6198dbbd7b7a604eb3073a37fb99f9defb539cb57ed213b3b,,fc0af5b584c4afaf9420ee09000ea3d77717c7a083c681ce02555fb378f2d572,accepted,,2026-07-21,https://data.sec.gov/submissions/CIK0000313616.json,https://query1.finance.yahoo.com/v8/finance/chart/DHR
DIS,aios:bounded:sp500:dis,aios:issuer:sec:0001744489,0001744489,Walt Disney Co,DIS,2023-08-01,2026-07-22,yfinance,DIS,386,2025-01-02,2026-07-20,e19970618e6a708b7a66b0c5dcffec43b09d1b521b3bd94a546a2bb336c4109a,,604fccc1c34c3e45b1e608ed8f821aed8c5684f60df38a23206557bc65a4c28d,accepted,,2026-07-21,https://data.sec.gov/submissions/CIK0001744489.json,https://query1.finance.yahoo.com/v8/finance/chart/DIS
DLR,aios:bounded:sp500:dlr,aios:issuer:sec:0001297996,0001297996,"DIGITAL REALTY TRUST, INC.",DLR,2023-08-01,2026-07-22,yfinance,DLR,386,2025-01-02,2026-07-20,e24ee08a09939de9c5602d9546ca5cb916e329bcc2b6fbfd21f5fbaac2f19af2,,df6be98830c6a5920dc6767060863364523c293e4934006f24a993a0f8fc0f67,accepted,,2026-07-21,https://data.sec.gov/submissions/CIK0001297996.json,https://query1.finance.yahoo.com/v8/finance/chart/DLR
DLTR,aios:bounded:sp500:dltr,aios:issuer:sec:0000935703,0000935703,"DOLLAR TREE, INC.",DLTR,2023-08-01,2026-07-22,yfinance,DLTR,386,2025-01-02,2026-07-20,7a56a190d6bd311345b73b19dc7f5249d6a32fff589fc0ada167be1acfa9dded,,9f5682cf9ee217f51d6cdfa5d053e6b3fe1f8618483486af5e92ceb0f9f34575,accepted,,2026-07-21,https://data.sec.gov/submissions/CIK0000935703.json,https://query1.finance.yahoo.com/v8/finance/chart/DLTR
DOC,aios:security:healthpeak-common,aios:issuer:sec:0000765880,0000765880,"HEALTHPEAK PROPERTIES, INC.",DOC,2024-03-04,2026-07-22,yfinance,DOC,386,2025-01-02,2026-07-20,7ad2adaf7f7f5c7bcb748e0f52f4ea4a1c732571d4ebe44f967df833d2d78dcb,,778e2829f001c5ca6a298bbce29aec5e52c300ce5aae9e6d851a9691abd782e5,accepted,,2026-07-21,https://data.sec.gov/submissions/CIK0000765880.json,https://query1.finance.yahoo.com/v8/finance/chart/DOC
DOV,aios:bounded:sp500:dov,aios:issuer:sec:0000029905,0000029905,DOVER Corp,DOV,2023-08-01,2026-07-22,yfinance,DOV,386,2025-01-02,2026-07-20,edaeb08fe587b0304f20f322f938c6476508b4aee5c6f30b1d505b867ce44c36,,b731e7b3a0930999775690caefb1a57ec7fdb8f511f95689711d4b52d216879d,accepted,,2026-07-21,https://data.sec.gov/submissions/CIK0000029905.json,https://query1.finance.yahoo.com/v8/finance/chart/DOV
DOW,aios:bounded:sp500:dow,aios:issuer:sec:0001751788,0001751788,DOW INC.,DOW,2023-08-01,2026-07-22,yfinance,DOW,386,2025-01-02,2026-07-20,224cf137465fd8ae3a9bfd0467c8660b77dce363c3d05fd566a3882e29cb2b55,,3067b1d98f9264fb6580c171255e171229d0d5119011af26769ba78527eb6424,accepted,,2026-07-21,https://data.sec.gov/submissions/CIK0001751788.json,https://query1.finance.yahoo.com/v8/finance/chart/DOW
DPZ,aios:bounded:sp500:dpz,aios:issuer:sec:0001286681,0001286681,DOMINOS PIZZA INC,DPZ,2023-08-01,2026-07-22,yfinance,DPZ,386,2025-01-02,2026-07-20,8e45a1c63359298bf147d3e09d0cea837356f9dd76db20fe8e8d0e36f7a1db82,,fabca3fd6892896ff46e8f2ce8678e71cf71c98c422953a75a699ce09809a155,accepted,,2026-07-21,https://data.sec.gov/submissions/CIK0001286681.json,https://query1.finance.yahoo.com/v8/finance/chart/DPZ
DRI,aios:bounded:sp500:dri,aios:issuer:sec:0000940944,0000940944,DARDEN RESTAURANTS INC,DRI,2023-08-01,2026-07-22,yfinance,DRI,386,2025-01-02,2026-07-20,fceb17fd2ea041ec2ad1b2f84b832704dd971aeacf7e85acee49d5034513d652,,a4b3bfb0b5732578a7f517338db9b52bf2078f1cd6a55a234906dd5bf691afe9,accepted,,2026-07-21,https://data.sec.gov/submissions/CIK0000940944.json,https://query1.finance.yahoo.com/v8/finance/chart/DRI
DTE,aios:bounded:sp500:dte,aios:issuer:sec:0000936340,0000936340,DTE ENERGY CO,DTE,2023-08-01,2026-07-22,yfinance,DTE,386,2025-01-02,2026-07-20,8dd856aab8143d49f8fd9302229ad8e15028b1aa1b6f59ac79a9b3d1bbfeb040,,e4ba22a893a24a40cc4e6ce5894080a6924b7405c941af07b81c158e35a78e38,accepted,,2026-07-21,https://data.sec.gov/submissions/CIK0000936340.json,https://query1.finance.yahoo.com/v8/finance/chart/DTE
DUK,aios:bounded:sp500:duk,aios:issuer:sec:0001326160,0001326160,Duke Energy CORP,DUK,2023-08-01,2026-07-22,yfinance,DUK,386,2025-01-02,2026-07-20,a2060945e88949fea9eaf52b14a25fc32330a87c3ec34504966e3ab6b92ea3f4,,a5e5e1a5a34fc015f53fa66ddd3b485ecccf56f35af64cfe5dd26c632331d82b,accepted,,2026-07-21,https://data.sec.gov/submissions/CIK0001326160.json,https://query1.finance.yahoo.com/v8/finance/chart/DUK
DVA,aios:bounded:sp500:dva,aios:issuer:sec:0000927066,0000927066,DAVITA INC.,DVA,2023-08-01,2026-07-22,yfinance,DVA,386,2025-01-02,2026-07-20,a2d5d839fd158314ec118855e50f99c80ef4605a8d57013fa4c40d7d6e982389,,43be8baf766cf9541f1f8775a774fd76d6e6e7004b3bf67b3718a965dc97544e,accepted,,2026-07-21,https://data.sec.gov/submissions/CIK0000927066.json,https://query1.finance.yahoo.com/v8/finance/chart/DVA
DVN,aios:bounded:sp500:dvn,aios:issuer:sec:0001090012,0001090012,DEVON ENERGY CORP/DE,DVN,2023-08-01,2026-07-22,yfinance,DVN,386,2025-01-02,2026-07-20,d5cd71b6ba3a2815e0d19c4f8178149536858db12810c119449e290c48e3de7f,,989096f229272387e8a85868bb83f935c3dc98cb1d9b09947c2d0943207c5d36,accepted,,2026-07-21,https://data.sec.gov/submissions/CIK0001090012.json,https://query1.finance.yahoo.com/v8/finance/chart/DVN
DXCM,aios:bounded:sp500:dxcm,aios:issuer:sec:0001093557,0001093557,DEXCOM INC,DXCM,2023-08-01,2026-07-22,yfinance,DXCM,386,2025-01-02,2026-07-20,6fa2693db082d6435006eccfcb587e0250874af328569148e15c7e750020224d,,ebf7b106b506a756f3e4bdec16564e117550a8d275ee4303f0bd22dc10fea8c1,accepted,,2026-07-21,https://data.sec.gov/submissions/CIK0001093557.json,https://query1.finance.yahoo.com/v8/finance/chart/DXCM
EA,aios:bounded:sp500:ea,aios:issuer:sec:0000712515,0000712515,ELECTRONIC ARTS INC.,EA,2023-08-01,2026-07-22,yfinance,EA,386,2025-01-02,2026-07-20,122fc7bd95717b97cff337e7156c37fd5b562cee5cfb7a0a067736684e84bfef,,9146defdb244e1019b764cd1648f1b977130b7e370ab1379c02e1b48620255c6,accepted,,2026-07-21,https://data.sec.gov/submissions/CIK0000712515.json,https://query1.finance.yahoo.com/v8/finance/chart/EA
EBAY,aios:bounded:sp500:ebay,aios:issuer:sec:0001065088,0001065088,EBAY INC,EBAY,2023-08-01,2026-07-22,yfinance,EBAY,386,2025-01-02,2026-07-20,6e09fc4b225b760077f9b522fdf15b6627d4fd6bbf9e95318ba62fd01d9f1d10,,c52f02cdf65551adc0ca1b05f05fb49f65e038f1430f2c3f6521e66871ff4acf,accepted,,2026-07-21,https://data.sec.gov/submissions/CIK0001065088.json,https://query1.finance.yahoo.com/v8/finance/chart/EBAY
ECHO,aios:security:echostar-common,aios:issuer:sec:0001415404,0001415404,EchoStar CORP,ECHO,2026-06-24,2026-07-22,yfinance,ECHO,18,2026-06-24,2026-07-20,cccfaeb036776d43a2524e1a87f0ac4546751d4af3db5adc2118bca89d313375,,7b6c1726c6a3efef0bc010130f775eff5644d8f94503ce3984c239f4c2d8cd16,accepted,,2026-07-21,https://data.sec.gov/submissions/CIK0001415404.json,https://query1.finance.yahoo.com/v8/finance/chart/ECHO
ECL,aios:bounded:sp500:ecl,aios:issuer:sec:0000031462,0000031462,ECOLAB INC.,ECL,2023-08-01,2026-07-22,yfinance,ECL,386,2025-01-02,2026-07-20,affbda42c7b62fa4b262f3bf4797afcda523c973cde4f5fa9f77c1886feeb517,,cb53c3ca4cfe1ca4d59094ac7af5d9e1f2acfe7cefac0abdfaf66cfce02a4dfb,accepted,,2026-07-21,https://data.sec.gov/submissions/CIK0000031462.json,https://query1.finance.yahoo.com/v8/finance/chart/ECL
ED,aios:bounded:sp500:ed,aios:issuer:sec:0001047862,0001047862,CONSOLIDATED EDISON INC,ED,2023-08-01,2026-07-22,yfinance,ED,386,2025-01-02,2026-07-20,af9df7dda230ab3ac8e32f0a8bd475e40bc0fdbc11bf0a2fc6749a98e98da5b0,,344bfbc23a5b34b48fd140409a3310057a694a4801b69dc5fbe49d236967dd26,accepted,,2026-07-21,https://data.sec.gov/submissions/CIK0001047862.json,https://query1.finance.yahoo.com/v8/finance/chart/ED
EFX,aios:bounded:sp500:efx,aios:issuer:sec:0000033185,0000033185,EQUIFAX INC,EFX,2023-08-01,2026-07-22,yfinance,EFX,386,2025-01-02,2026-07-20,7b64dd48633b00f18e149bfe043a07171519d352da0c2475ec73c09e30d0a78c,,f839ff20b6bab01fb8ab150346aa15a32bb2761a497847f2c34475f1f5b72cd3,accepted,,2026-07-21,https://data.sec.gov/submissions/CIK0000033185.json,https://query1.finance.yahoo.com/v8/finance/chart/EFX
EG,aios:bounded:sp500:eg,aios:issuer:sec:0001095073,0001095073,"EVEREST GROUP, LTD.",EG,2023-08-01,2026-07-22,yfinance,EG,386,2025-01-02,2026-07-20,60430b5119a9fb71a946fbdac098f84ebde1ec0f25e5a6f34e3d8bd7033bd82d,,69ef264be192d5f2a65172994b98478f1aa934697560b57ad234e34f123bbcd9,accepted,,2026-07-21,https://data.sec.gov/submissions/CIK0001095073.json,https://query1.finance.yahoo.com/v8/finance/chart/EG
EIX,aios:bounded:sp500:eix,aios:issuer:sec:0000827052,0000827052,EDISON INTERNATIONAL,EIX,2023-08-01,2026-07-22,yfinance,EIX,386,2025-01-02,2026-07-20,32f3487c0122d3da40291b1545a404c71d1fe1165136bdbb43edff0667bf71f8,,b705d72824f76e47f9f9044032309a3b80151fa75cc5520fbc71432f389ea26c,accepted,,2026-07-21,https://data.sec.gov/submissions/CIK0000827052.json,https://query1.finance.yahoo.com/v8/finance/chart/EIX
EL,aios:bounded:sp500:el,aios:issuer:sec:0001001250,0001001250,ESTEE LAUDER COMPANIES INC,EL,2023-08-01,2026-07-22,yfinance,EL,386,2025-01-02,2026-07-20,31c97f33af147225273351fbeeae374e740139c2eaf10989ce9d65c23d7a4a37,,c6b2d3c7bf45c11853a62c015b636ed3981f1ae57ad96c5a451f30c7b1300525,accepted,,2026-07-21,https://data.sec.gov/submissions/CIK0001001250.json,https://query1.finance.yahoo.com/v8/finance/chart/EL
ELV,aios:bounded:sp500:elv,aios:issuer:sec:0001156039,0001156039,"Elevance Health, Inc.",ELV,2023-08-01,2026-07-22,yfinance,ELV,386,2025-01-02,2026-07-20,8758192c35797ef8daea55ff7f81f43f903414613aaac80394f67a0883a0a7da,,b2c7225455b9b16470ed902a5a42dfd2790c09e2da09c0df1096e20c92f1e8b8,accepted,,2026-07-21,https://data.sec.gov/submissions/CIK0001156039.json,https://query1.finance.yahoo.com/v8/finance/chart/ELV
EME,aios:bounded:sp500:eme,aios:issuer:sec:0000105634,0000105634,"EMCOR Group, Inc.",EME,2025-09-22,2026-07-22,yfinance,EME,207,2025-09-22,2026-07-20,05154d0e9f57a6054f931bb41066bd09ca84d1d2bdde5afeaa1efb86239681c9,,4945b24ffba5829fceb16c2935f1cc7dd31e7d1d39ba3731a53cbc785b84414b,accepted,,2026-07-21,https://data.sec.gov/submissions/CIK0000105634.json,https://query1.finance.yahoo.com/v8/finance/chart/EME
EMR,aios:bounded:sp500:emr,aios:issuer:sec:0000032604,0000032604,EMERSON ELECTRIC CO,EMR,2023-08-01,2026-07-22,yfinance,EMR,386,2025-01-02,2026-07-20,e385c7ac21a36f7d6c3f72de52f8e85605bf82925bff603046d5f92cd78be5b2,,3c06c1701c59857eb5ee2fb6beafcde3b03716173a95627fea1c4278df2c02fa,accepted,,2026-07-21,https://data.sec.gov/submissions/CIK0000032604.json,https://query1.finance.yahoo.com/v8/finance/chart/EMR
EOG,aios:bounded:sp500:eog,aios:issuer:sec:0000821189,0000821189,EOG RESOURCES INC,EOG,2023-08-01,2026-07-22,yfinance,EOG,386,2025-01-02,2026-07-20,5c7988fa2bb03cfb39777f21a0f9da27319730d61bf6ba023396c9d9ca19e2ab,,f83355dc8f879164e3850a1e1f71021c8e3e64c4bfad78ffd690ebeab75df194,accepted,,2026-07-21,https://data.sec.gov/submissions/CIK0000821189.json,https://query1.finance.yahoo.com/v8/finance/chart/EOG
EQIX,aios:bounded:sp500:eqix,aios:issuer:sec:0001101239,0001101239,EQUINIX INC,EQIX,2023-08-01,2026-07-22,yfinance,EQIX,386,2025-01-02,2026-07-20,b0ebc4764bd021f3cad1a323ca712058e5983010530da4b13483a9ecadf1238d,,559313c5db3dcdfb801d3f8c99ea173377da51487666b5cde8d48ab1a3442b09,accepted,,2026-07-21,https://data.sec.gov/submissions/CIK0001101239.json,https://query1.finance.yahoo.com/v8/finance/chart/EQIX
EQR,aios:bounded:sp500:eqr,aios:issuer:sec:0000906107,0000906107,EQUITY RESIDENTIAL,EQR,2023-08-01,2026-07-22,yfinance,EQR,386,2025-01-02,2026-07-20,5da9e6b2293c0f0dd46fb19e492863d9d46c2fb1d67ae87121feedcfcabd9d83,,2f15e8efd41f5a7a9aaff14a4a81e3650aa946fb910c8ec022596ee125b97433,accepted,,2026-07-21,https://data.sec.gov/submissions/CIK0000906107.json,https://query1.finance.yahoo.com/v8/finance/chart/EQR
EQT,aios:bounded:sp500:eqt,aios:issuer:sec:0000033213,0000033213,EQT Corp,EQT,2023-08-01,2026-07-22,yfinance,EQT,386,2025-01-02,2026-07-20,886b9f78e1cc685aa4be154e1c2903dccc07cdf3eae2071deea558cdf2fc2227,,aa6476516a8f5fe5166c2965654ec948fe453910262d7e5632210fe228a5217a,accepted,,2026-07-21,https://data.sec.gov/submissions/CIK0000033213.json,https://query1.finance.yahoo.com/v8/finance/chart/EQT
ERIE,aios:bounded:sp500:erie,aios:issuer:sec:0000922621,0000922621,ERIE INDEMNITY CO,ERIE,2024-09-23,2026-07-22,yfinance,ERIE,386,2025-01-02,2026-07-20,8a386af17c0b42841da0d97b0a52c2afca37761f84c15a26322ac76af158f298,,34cb059707ab574a984657f0d58e033b2c27d83ff27b6739fa918380da7c6677,accepted,,2026-07-21,https://data.sec.gov/submissions/CIK0000922621.json,https://query1.finance.yahoo.com/v8/finance/chart/ERIE
ES,aios:bounded:sp500:es,aios:issuer:sec:0000072741,0000072741,EVERSOURCE ENERGY,ES,2023-08-01,2026-07-22,yfinance,ES,386,2025-01-02,2026-07-20,574efdcfad85b1891b2fd5cc6cab08fb4faa487b393d1a5f0a9521a22f42785f,,ee5b9bddbf723c43654600b5f597bc4114935b817f282fe374dbb3bf1ef0f601,accepted,,2026-07-21,https://data.sec.gov/submissions/CIK0000072741.json,https://query1.finance.yahoo.com/v8/finance/chart/ES
ESS,aios:bounded:sp500:ess,aios:issuer:sec:0000920522,0000920522,"ESSEX PROPERTY TRUST, INC.",ESS,2023-08-01,2026-07-22,yfinance,ESS,386,2025-01-02,2026-07-20,3b9f6f3cad514d3d57d414abf9cf17f7c0d595de089da62ef7e9cae4a7488a3c,,b926c675bd00dbd69b403f848d7bbacc3aa404fc52e768f6949936e2cf61cdee,accepted,,2026-07-21,https://data.sec.gov/submissions/CIK0000920522.json,https://query1.finance.yahoo.com/v8/finance/chart/ESS
ETN,aios:bounded:sp500:etn,aios:issuer:sec:0001551182,0001551182,Eaton Corp plc,ETN,2023-08-01,2026-07-22,yfinance,ETN,386,2025-01-02,2026-07-20,0ae17b7faa4cc656b18fcdcea991214dc75152f6541fd10ee8693aeac2f08e28,,17d117f6c73964fbefed3538b3507027d0d4498245f97164653e5486bfc94379,accepted,,2026-07-21,https://data.sec.gov/submissions/CIK0001551182.json,https://query1.finance.yahoo.com/v8/finance/chart/ETN
ETR,aios:bounded:sp500:etr,aios:issuer:sec:0000065984,0000065984,ENTERGY CORP /DE/,ETR,2023-08-01,2026-07-22,yfinance,ETR,386,2025-01-02,2026-07-20,9309ee253c2dfec79d41c518a65f3c914828c932db3addf31075bfc9bd71baee,,d7e7d9e5c73199a42454bbd6622ff3eb5367b5cd3197ade728cd8df0c2302ff0,accepted,,2026-07-21,https://data.sec.gov/submissions/CIK0000065984.json,https://query1.finance.yahoo.com/v8/finance/chart/ETR
EVRG,aios:bounded:sp500:evrg,aios:issuer:sec:0001711269,0001711269,"Evergy, Inc.",EVRG,2023-08-01,2026-07-22,yfinance,EVRG,386,2025-01-02,2026-07-20,495fa6dca33e5d483e7832b6adb246b59325de1cb25f2be942afd07a0032b8b3,,4d8006ff82491d3a7ed4f3a364ed8056164d3f59a48ac3614c196fe6def45eac,accepted,,2026-07-21,https://data.sec.gov/submissions/CIK0001711269.json,https://query1.finance.yahoo.com/v8/finance/chart/EVRG
EW,aios:bounded:sp500:ew,aios:issuer:sec:0001099800,0001099800,Edwards Lifesciences Corp,EW,2023-08-01,2026-07-22,yfinance,EW,386,2025-01-02,2026-07-20,4203fd72dd69eb6c322f5a4f611eaacb0ec541b56b72b7611c0e1aa9fa5ac5d7,,9bc4236ef1059490035860e8a753bb99c643ae563b63bfc7eb3da5d734d641d8,accepted,,2026-07-21,https://data.sec.gov/submissions/CIK0001099800.json,https://query1.finance.yahoo.com/v8/finance/chart/EW
EXC,aios:bounded:sp500:exc,aios:issuer:sec:0001109357,0001109357,EXELON CORP,EXC,2023-08-01,2026-07-22,yfinance,EXC,386,2025-01-02,2026-07-20,7abafa4c5b1b9cef8a6e5d8e96febc4cde02e4af852f7855461bf8856826e0c2,,025d04c2ebe2d5d35023500035cac7eed3815516df230474e611c9faeafc774d,accepted,,2026-07-21,https://data.sec.gov/submissions/CIK0001109357.json,https://query1.finance.yahoo.com/v8/finance/chart/EXC
EXE,aios:bounded:sp500:exe,aios:issuer:sec:0000895126,0000895126,EXPAND ENERGY Corp,EXE,2025-03-24,2026-07-22,yfinance,EXE,332,2025-03-24,2026-07-20,e47ef1a58a1dc53bf539ca32faf21c4e6b17e30b09055f2183457e7574aff3ca,,bbe5d6e76d133d4bdfc05fa3396f4864bc79ece94d4e6aebf4ea6701af87a1ed,accepted,,2026-07-21,https://data.sec.gov/submissions/CIK0000895126.json,https://query1.finance.yahoo.com/v8/finance/chart/EXE
EXPD,aios:bounded:sp500:expd,aios:issuer:sec:0000746515,0000746515,EXPEDITORS INTERNATIONAL OF WASHINGTON INC,EXPD,2023-08-01,2026-07-22,yfinance,EXPD,386,2025-01-02,2026-07-20,41310511aea129efea03f924a1e17894482132e89856624742fbdde140039c67,,cd32eb6e8ed31f0b733c4668f849a8bd9b4753cc0de9cd630f23e3523ed939b6,accepted,,2026-07-21,https://data.sec.gov/submissions/CIK0000746515.json,https://query1.finance.yahoo.com/v8/finance/chart/EXPD
EXPE,aios:bounded:sp500:expe,aios:issuer:sec:0001324424,0001324424,"Expedia Group, Inc.",EXPE,2023-08-01,2026-07-22,yfinance,EXPE,386,2025-01-02,2026-07-20,5479234e3e9d553322ad103cd26866fc38ee9c4fa89acd061ad78917c96f95f2,,6d79891d4ab98fe87862f4577dbc799e2f0dae9f2094593a9d3503116648ca2c,accepted,,2026-07-21,https://data.sec.gov/submissions/CIK0001324424.json,https://query1.finance.yahoo.com/v8/finance/chart/EXPE
EXR,aios:bounded:sp500:exr,aios:issuer:sec:0001289490,0001289490,Extra Space Storage Inc.,EXR,2023-08-01,2026-07-22,yfinance,EXR,386,2025-01-02,2026-07-20,0611e7cb511e63213f887598779ebf93496776103a8d38e0f384b57a10f7240b,,9d3fe3488b42ea49b38e366471e20b26c0dd0882ed40824a6d9774123e045bda,accepted,,2026-07-21,https://data.sec.gov/submissions/CIK0001289490.json,https://query1.finance.yahoo.com/v8/finance/chart/EXR
F,aios:bounded:sp500:f,aios:issuer:sec:0000037996,0000037996,FORD MOTOR CO,F,2023-08-01,2026-07-22,yfinance,F,386,2025-01-02,2026-07-20,0bd91cf5cfc24f4c3d4b28ad67865498b58603ab3e15670569568b62eef14cf8,,9a2dff7ef3a2617f48e44c64bef9036a4dd17a4822ed7ad22a74f36ec6431be0,accepted,,2026-07-21,https://data.sec.gov/submissions/CIK0000037996.json,https://query1.finance.yahoo.com/v8/finance/chart/F
FANG,aios:bounded:sp500:fang,aios:issuer:sec:0001539838,0001539838,"Diamondback Energy, Inc.",FANG,2023-08-01,2026-07-22,yfinance,FANG,386,2025-01-02,2026-07-20,94fc731a1438933ecabfb76f8da54d8d8c5cba1782ffc7201f81ed3d87798097,,dfd0be8aebe647426f5e69fe9feedae8b7287d4c5c593504369910ab3ed394d5,accepted,,2026-07-21,https://data.sec.gov/submissions/CIK0001539838.json,https://query1.finance.yahoo.com/v8/finance/chart/FANG
FAST,aios:bounded:sp500:fast,aios:issuer:sec:0000815556,0000815556,FASTENAL CO,FAST,2023-08-01,2026-07-22,yfinance,FAST,386,2025-01-02,2026-07-20,6df025c9217457312b2197bc1b6243d432d251d5cff47ac1cb4672be9f89c629,,6d801bdadd418488eb43ea082fe1cd547577ef9e2d0a231fe1c0db97a5085e7b,accepted,,2026-07-21,https://data.sec.gov/submissions/CIK0000815556.json,https://query1.finance.yahoo.com/v8/finance/chart/FAST
FCX,aios:bounded:sp500:fcx,aios:issuer:sec:0000831259,0000831259,FREEPORT-MCMORAN INC,FCX,2023-08-01,2026-07-22,yfinance,FCX,386,2025-01-02,2026-07-20,50e0825a6a0c683881a15a869116e1f0534f3dd8f9d6f1c598061a36b403b331,,7dfcd4bdc9065b3b051dd609b216fd9b5039b716c3e105a456c347ee4e508af5,accepted,,2026-07-21,https://data.sec.gov/submissions/CIK0000831259.json,https://query1.finance.yahoo.com/v8/finance/chart/FCX
FDS,aios:bounded:sp500:fds,aios:issuer:sec:0001013237,0001013237,FACTSET RESEARCH SYSTEMS INC,FDS,2023-08-01,2026-07-22,yfinance,FDS,386,2025-01-02,2026-07-20,d20eb4b6a49deb4d9da4d9e3bbe3490eb4aabedaac6bd712f02a3993be8ce0a2,,d625f0c0f656b9a24fd989cdfdc6f39d658ef4246546b3e891073f8a35a0db0e,accepted,,2026-07-21,https://data.sec.gov/submissions/CIK0001013237.json,https://query1.finance.yahoo.com/v8/finance/chart/FDS
FDX,aios:bounded:sp500:fdx,aios:issuer:sec:0001048911,0001048911,FEDEX CORP,FDX,2023-08-01,2026-07-22,yfinance,FDX,386,2025-01-02,2026-07-20,75e2779d87d51bae03ea74e451607dcb1f83f2a4c4690f1e9f76876b32e0b3a4,,015f367175ce6ebda6be4a1af39c7277d972d6a08bc8b7d23095908b480d0b16,accepted,,2026-07-21,https://data.sec.gov/submissions/CIK0001048911.json,https://query1.finance.yahoo.com/v8/finance/chart/FDX
FDXF,aios:bounded:sp500:fdxf,aios:issuer:sec:0002082247,0002082247,"FedEx Freight Holding Company, Inc.",FDXF,2026-06-01,2026-07-22,yfinance,FDXF,34,2026-06-01,2026-07-20,cf44b6397fde1b8ffb8447caa359925f6bc810c781579edd12758f0562a58937,,688f43d9f31de2e54e3d5abb4892b9bb91a3f1ff11b9e8127e89225d0044fc32,accepted,,2026-07-21,https://data.sec.gov/submissions/CIK0002082247.json,https://query1.finance.yahoo.com/v8/finance/chart/FDXF
FE,aios:bounded:sp500:fe,aios:issuer:sec:0001031296,0001031296,FIRSTENERGY CORP,FE,2023-08-01,2026-07-22,yfinance,FE,386,2025-01-02,2026-07-20,c085cc4ae3ac20da2b2d5131f5d3401a80022e8d5d0a4c11674b7e15036f50ac,,d73c818004a1c2e2900d77fc779c64d56138ee7249d9af4f4648e52c3403b2df,accepted,,2026-07-21,https://data.sec.gov/submissions/CIK0001031296.json,https://query1.finance.yahoo.com/v8/finance/chart/FE
FFIV,aios:bounded:sp500:ffiv,aios:issuer:sec:0001048695,0001048695,"F5, INC.",FFIV,2023-08-01,2026-07-22,yfinance,FFIV,386,2025-01-02,2026-07-20,1c712212c4e5e5eeb1056a775fcf198752c48f72d4f84aa87dc37e0bfc6677e3,,3f389fb2b8ef63aa14f1b7d62aaa3e0aab0f955dbea39531b4c87b12adbae16a,accepted,,2026-07-21,https://data.sec.gov/submissions/CIK0001048695.json,https://query1.finance.yahoo.com/v8/finance/chart/FFIV
FICO,aios:bounded:sp500:fico,aios:issuer:sec:0000814547,0000814547,FAIR ISAAC CORP,FICO,2023-08-01,2026-07-22,yfinance,FICO,386,2025-01-02,2026-07-20,b019e56eabf99362e0eb536d6428490cbba4dc6c6b701c37dd0f08232464c6aa,,5abbaee6deb011dbb08871a59da8198e7103a2e5b0e20830fc866b747f8cadfa,accepted,,2026-07-21,https://data.sec.gov/submissions/CIK0000814547.json,https://query1.finance.yahoo.com/v8/finance/chart/FICO
FIS,aios:bounded:sp500:fis,aios:issuer:sec:0001136893,0001136893,"Fidelity National Information Services, Inc.",FIS,2023-08-01,2026-07-22,yfinance,FIS,386,2025-01-02,2026-07-20,92081daada0cce379afd1d61b97afbcded6573c64ea219127e0990c91d907299,,d75c9d9df6792caf3640d465d1732c660d1e981557fec75d441c200b00ec975c,accepted,,2026-07-21,https://data.sec.gov/submissions/CIK0001136893.json,https://query1.finance.yahoo.com/v8/finance/chart/FIS
FISV,aios:bounded:sp500:fi,aios:issuer:sec:0000798354,0000798354,FISERV INC,FISV,2025-11-11,2026-07-22,yfinance,FISV,170,2025-11-11,2026-07-20,a92516830358afb5da3e7256b6a5f8854c20b090e9b64fdb576e8c6873c97147,,27cbdd5e1a36fa32d2a7f836460326f449160265b9a9657ae032b2b1f84b0f51,accepted,,2026-07-21,https://data.sec.gov/submissions/CIK0000798354.json,https://query1.finance.yahoo.com/v8/finance/chart/FISV
FITB,aios:bounded:sp500:fitb,aios:issuer:sec:0000035527,0000035527,FIFTH THIRD BANCORP,FITB,2023-08-01,2026-07-22,yfinance,FITB,386,2025-01-02,2026-07-20,8bcda8424c71e9cdcafbd88ecc8f32acae9ed1f41c015424b7e00af7a9f3becc,,dfa60c7c167b1b836b43019e9a7ec5b67dd359b52ca3a9b7d09480ce77366819,accepted,,2026-07-21,https://data.sec.gov/submissions/CIK0000035527.json,https://query1.finance.yahoo.com/v8/finance/chart/FITB
FIX,aios:bounded:sp500:fix,aios:issuer:sec:0001035983,0001035983,COMFORT SYSTEMS USA INC,FIX,2025-12-22,2026-07-22,yfinance,FIX,143,2025-12-22,2026-07-20,d3dcb2431c7a1d634315d88b02049d5cbe42ba05fc61d20c14ef830d5cff09b3,,cb0c892e6bd4f4c9feaf01b26a9a9507e7cacec302bfd3d7cdb02b5d8fa55783,accepted,,2026-07-21,https://data.sec.gov/submissions/CIK0001035983.json,https://query1.finance.yahoo.com/v8/finance/chart/FIX
FLEX,aios:bounded:sp500:flex,aios:issuer:sec:0000866374,0000866374,FLEX LTD.,FLEX,2026-06-22,2026-07-22,yfinance,FLEX,20,2026-06-22,2026-07-20,d02079d8548a28eda82f0a701a005efb9d509f83e115a51011c8ef00be0e4591,,966a883720c4347a0154ef65b82a2eaf878dda88d85628a048d1bbbc8b0c1dc0,accepted,,2026-07-21,https://data.sec.gov/submissions/CIK0000866374.json,https://query1.finance.yahoo.com/v8/finance/chart/FLEX
FOX,aios:bounded:sp500:fox,aios:issuer:sec:0001754301,0001754301,Fox Corp,FOX,2023-08-01,2026-07-22,yfinance,FOX,386,2025-01-02,2026-07-20,7489ae3a18c86f2c18946149eb553cbb5b019ded09f4ab30c5dff90f72aa30b9,,5be51cf1172d581eaa3a7c1d27f78da3825e0a6778e56d099312c359b03e6ff6,accepted,,2026-07-21,https://data.sec.gov/submissions/CIK0001754301.json,https://query1.finance.yahoo.com/v8/finance/chart/FOX
FOXA,aios:bounded:sp500:foxa,aios:issuer:sec:0001754301,0001754301,Fox Corp,FOXA,2023-08-01,2026-07-22,yfinance,FOXA,386,2025-01-02,2026-07-20,7489ae3a18c86f2c18946149eb553cbb5b019ded09f4ab30c5dff90f72aa30b9,,647e09b7a8f09593729fb1b75b3435e3684098e848c3cc2dadebc4e5ee3ef814,accepted,,2026-07-21,https://data.sec.gov/submissions/CIK0001754301.json,https://query1.finance.yahoo.com/v8/finance/chart/FOXA
FRT,aios:bounded:sp500:frt,aios:issuer:sec:0000034903,0000034903,FEDERAL REALTY INVESTMENT TRUST,FRT,2023-08-01,2026-07-22,yfinance,FRT,386,2025-01-02,2026-07-20,6955337e053b48c3ecd2fccb4926238cbca6c1a82e6f7d6af3120fdddc3ababe,,db829f64b9effe14c151320a810e52b6ce045503c7bcdf7a62729bd9f7a65318,accepted,,2026-07-21,https://data.sec.gov/submissions/CIK0000034903.json,https://query1.finance.yahoo.com/v8/finance/chart/FRT
FSLR,aios:bounded:sp500:fslr,aios:issuer:sec:0001274494,0001274494,"FIRST SOLAR, INC.",FSLR,2023-08-01,2026-07-22,yfinance,FSLR,386,2025-01-02,2026-07-20,ca39e28bdfd6fc59b9d66646a817b7054231c77981b810647c3559632b5ce6fd,,8523cfc312bf1b0eb455e5685323da658d0d524809f7602275a6ea2c31a479c7,accepted,,2026-07-21,https://data.sec.gov/submissions/CIK0001274494.json,https://query1.finance.yahoo.com/v8/finance/chart/FSLR
FTNT,aios:bounded:sp500:ftnt,aios:issuer:sec:0001262039,0001262039,"Fortinet, Inc.",FTNT,2023-08-01,2026-07-22,yfinance,FTNT,386,2025-01-02,2026-07-20,fd55e5b2b7d67e4f236a12a6c45689c8ff3537ca366a2eb9ea7f261dc30b7d96,,b99069e3cd136e595b4295d76149eb40ba385dac70f21cdb288e46fab7fe250b,accepted,,2026-07-21,https://data.sec.gov/submissions/CIK0001262039.json,https://query1.finance.yahoo.com/v8/finance/chart/FTNT
FTV,aios:bounded:sp500:ftv,aios:issuer:sec:0001659166,0001659166,Fortive Corp,FTV,2023-08-01,2026-07-22,yfinance,FTV,386,2025-01-02,2026-07-20,9977968f25e2df86960a1b1f3b0b0ca6c6b01a928a9ec5a615d7507c6b4cf9b9,,2514e8f40f4c8ce35977abf943a05dd04621d225d751e92e9b0877bf2dfabfbd,accepted,,2026-07-21,https://data.sec.gov/submissions/CIK0001659166.json,https://query1.finance.yahoo.com/v8/finance/chart/FTV
GD,aios:bounded:sp500:gd,aios:issuer:sec:0000040533,0000040533,GENERAL DYNAMICS CORP,GD,2023-08-01,2026-07-22,yfinance,GD,386,2025-01-02,2026-07-20,4ae12d573110efe75eb3cd4293b48a0da4190b3342de85848baa71714fa94bce,,0a1b85d812c055bebba0c7e90dadbfd4ee32da175c6de19ac440427492044f62,accepted,,2026-07-21,https://data.sec.gov/submissions/CIK0000040533.json,https://query1.finance.yahoo.com/v8/finance/chart/GD
GDDY,aios:bounded:sp500:gddy,aios:issuer:sec:0001609711,0001609711,GoDaddy Inc.,GDDY,2024-06-24,2026-07-22,yfinance,GDDY,386,2025-01-02,2026-07-20,1c93420a194c7d9f05f7b321b9e4ba4174f7cac893e82138b015e341acaa2511,,149d3aebbd829d1fde93fbc84b1ccd08926e9d9dca1299519e45fa3282ba79e4,accepted,,2026-07-21,https://data.sec.gov/submissions/CIK0001609711.json,https://query1.finance.yahoo.com/v8/finance/chart/GDDY
GE,aios:bounded:sp500:ge,aios:issuer:sec:0000040545,0000040545,GENERAL ELECTRIC CO,GE,2023-08-01,2026-07-22,yfinance,GE,386,2025-01-02,2026-07-20,61149b36961b3036958ff4553cebbe4b55bd8ebea6475a9d14cbdeca4e2500f4,,055a28e68eceec8a7f0e9d3d77c1b0ae2eac88e3ed85bd3afebe26c86599b6dd,accepted,,2026-07-21,https://data.sec.gov/submissions/CIK0000040545.json,https://query1.finance.yahoo.com/v8/finance/chart/GE
GEHC,aios:bounded:sp500:gehc,aios:issuer:sec:0001932393,0001932393,GE HealthCare Technologies Inc.,GEHC,2023-08-01,2026-07-22,yfinance,GEHC,386,2025-01-02,2026-07-20,3f2ac48fdc2ed5c2c39e4ddc93bb20db273d96ee4dce3cd1c3a2a4ae440dec28,,c77c787506d7de2e36f594c964e78e6a38b591fc75e6250a6200b8439d588f8a,accepted,,2026-07-21,https://data.sec.gov/submissions/CIK0001932393.json,https://query1.finance.yahoo.com/v8/finance/chart/GEHC
GEN,aios:bounded:sp500:gen,aios:issuer:sec:0000849399,0000849399,Gen Digital Inc.,GEN,2023-08-01,2026-07-22,yfinance,GEN,386,2025-01-02,2026-07-20,f87791421b7057193884e691d75d3bb896e25a1a94cca3195cc7db6aacc8d4ba,,1d7ab1bc8419ce40af1fbd168de5dd6e81fbeacdf9cb12ba92740661d5d627fe,accepted,,2026-07-21,https://data.sec.gov/submissions/CIK0000849399.json,https://query1.finance.yahoo.com/v8/finance/chart/GEN
GEV,aios:bounded:sp500:gev,aios:issuer:sec:0001996810,0001996810,GE Vernova Inc.,GEV,2024-04-02,2026-07-22,yfinance,GEV,386,2025-01-02,2026-07-20,fde88b6eff444f7170f053293eb757c29f54490a3d7db9a5da7cc6159cac86c8,,c38d2e5001c6c23620f2d376f5ad253265822b10d5ff5561d8745c7e9b2ab6c5,accepted,,2026-07-21,https://data.sec.gov/submissions/CIK0001996810.json,https://query1.finance.yahoo.com/v8/finance/chart/GEV
GILD,aios:bounded:sp500:gild,aios:issuer:sec:0000882095,0000882095,"GILEAD SCIENCES, INC.",GILD,2023-08-01,2026-07-22,yfinance,GILD,386,2025-01-02,2026-07-20,fbd5c672475a91736955e3dc837519bf0093ef23c8ec2b2b8928315383b73ae8,,842e0443ca11bd4e1959950d1ece5a0036cec4c03ce546c87116ac32d53d6090,accepted,,2026-07-21,https://data.sec.gov/submissions/CIK0000882095.json,https://query1.finance.yahoo.com/v8/finance/chart/GILD
GIS,aios:bounded:sp500:gis,aios:issuer:sec:0000040704,0000040704,GENERAL MILLS INC,GIS,2023-08-01,2026-07-22,yfinance,GIS,386,2025-01-02,2026-07-20,c8417d8685adc129e7d2c7af812fd1b29f56b4703585c05fba10c72c87d8b08d,,7412b8101ca8c2eafcd5b281664872617be84699796e51012c78e42892e699ff,accepted,,2026-07-21,https://data.sec.gov/submissions/CIK0000040704.json,https://query1.finance.yahoo.com/v8/finance/chart/GIS
GL,aios:bounded:sp500:gl,aios:issuer:sec:0000320335,0000320335,GLOBE LIFE INC.,GL,2023-08-01,2026-07-22,yfinance,GL,386,2025-01-02,2026-07-20,2178b475f8e9021a3634deb52b729291800af3286722a43831dbf600bbb0ddee,,792cfaaf26248aefc246799d18d9331bee3975c90e095842aed71d6552bf6112,accepted,,2026-07-21,https://data.sec.gov/submissions/CIK0000320335.json,https://query1.finance.yahoo.com/v8/finance/chart/GL
GLW,aios:bounded:sp500:glw,aios:issuer:sec:0000024741,0000024741,CORNING INC /NY,GLW,2023-08-01,2026-07-22,yfinance,GLW,386,2025-01-02,2026-07-20,e4a39266e92ee789f82c38af5464cbb6f89e3c39f0822bb5954c0e0157810205,,17424016fe14203695efcf3155100e5ac08fe45b493a9f39023377bdb0311ef0,accepted,,2026-07-21,https://data.sec.gov/submissions/CIK0000024741.json,https://query1.finance.yahoo.com/v8/finance/chart/GLW
GM,aios:bounded:sp500:gm,aios:issuer:sec:0001467858,0001467858,General Motors Co,GM,2023-08-01,2026-07-22,yfinance,GM,386,2025-01-02,2026-07-20,4791504de6f583c370a960284aa6c47b89a16119a2ee72040d25b0821b432939,,2e4963515638fa4539421ab49127501a21bd2cee3bc07010590f226fc4db6d25,accepted,,2026-07-21,https://data.sec.gov/submissions/CIK0001467858.json,https://query1.finance.yahoo.com/v8/finance/chart/GM
GNRC,aios:bounded:sp500:gnrc,aios:issuer:sec:0001474735,0001474735,GENERAC HOLDINGS INC.,GNRC,2023-08-01,2026-07-22,yfinance,GNRC,386,2025-01-02,2026-07-20,428c937497ad1e3fd0faf5900260a83c176905f4004b1830d672560b5ef8530f,,f48fadb3da5e24b7d5e10a8941436634b12b549c96819d7cc6b116aaec607941,accepted,,2026-07-21,https://data.sec.gov/submissions/CIK0001474735.json,https://query1.finance.yahoo.com/v8/finance/chart/GNRC
GOOG,aios:bounded:sp500:goog,aios:issuer:sec:0001652044,0001652044,Alphabet Inc.,GOOG,2023-08-01,2026-07-22,yfinance,GOOG,386,2025-01-02,2026-07-20,232da92edfa48bfa0294fc19e4bd0af17a7708299f61df455ac7bb90e2d3afa5,,53d02e79bde0ddacd002ad6a42dd876c440aad2daa4c4d5e95fdd504c22233a7,accepted,,2026-07-21,https://data.sec.gov/submissions/CIK0001652044.json,https://query1.finance.yahoo.com/v8/finance/chart/GOOG
GOOGL,aios:bounded:sp500:googl,aios:issuer:sec:0001652044,0001652044,Alphabet Inc.,GOOGL,2023-08-01,2026-07-22,yfinance,GOOGL,386,2025-01-02,2026-07-20,232da92edfa48bfa0294fc19e4bd0af17a7708299f61df455ac7bb90e2d3afa5,,a48c2061889e1703e0c3d607bbde3ddd75db300cc12c720385c44cdb8a02cf21,accepted,,2026-07-21,https://data.sec.gov/submissions/CIK0001652044.json,https://query1.finance.yahoo.com/v8/finance/chart/GOOGL
GPC,aios:bounded:sp500:gpc,aios:issuer:sec:0000040987,0000040987,GENUINE PARTS CO,GPC,2023-08-01,2026-07-22,yfinance,GPC,386,2025-01-02,2026-07-20,1da79b3f6396aada7da479e1500e8c06f781572feb7128e162562a17b57ca5ca,,a4682b8c46b1bdecdc541ff78124db80edc891e1dd4c2b47eca6b03d973c027b,accepted,,2026-07-21,https://data.sec.gov/submissions/CIK0000040987.json,https://query1.finance.yahoo.com/v8/finance/chart/GPC
GPN,aios:bounded:sp500:gpn,aios:issuer:sec:0001123360,0001123360,GLOBAL PAYMENTS INC,GPN,2023-08-01,2026-07-22,yfinance,GPN,386,2025-01-02,2026-07-20,b43e0c792372808bb91af54a7fccae5f4682ce57e70a952d52ecc8c7b9afc6ff,,da035e8509750c0f0b4e755b5c8f5b73023e7ef97fb57a0a6f494de7c7302815,accepted,,2026-07-21,https://data.sec.gov/submissions/CIK0001123360.json,https://query1.finance.yahoo.com/v8/finance/chart/GPN
GRMN,aios:bounded:sp500:grmn,aios:issuer:sec:0001121788,0001121788,GARMIN LTD,GRMN,2023-08-01,2026-07-22,yfinance,GRMN,386,2025-01-02,2026-07-20,d8218eafeaf40cb51263223148437aa4cf59150fc42d699c62b2b5a5c72a2c31,,aca10afb64aa3969fda0e37555552d5cb30d7da79786efeb4fe4ba375470508f,accepted,,2026-07-21,https://data.sec.gov/submissions/CIK0001121788.json,https://query1.finance.yahoo.com/v8/finance/chart/GRMN
GS,aios:bounded:sp500:gs,aios:issuer:sec:0000886982,0000886982,GOLDMAN SACHS GROUP INC,GS,2023-08-01,2026-07-22,yfinance,GS,386,2025-01-02,2026-07-20,17e3fef7600cdefce106db3a0cca93a52513a2e0061967f992e503c9f0859ebd,https://data.sec.gov/submissions/CIK0000886982-submissions-003.json,951317acd2f16bbc271d70a5e1bba89bf6606a6bbef48bbe596890100834ee2b,accepted,,2026-07-21,https://data.sec.gov/submissions/CIK0000886982.json,https://query1.finance.yahoo.com/v8/finance/chart/GS
GWW,aios:bounded:sp500:gww,aios:issuer:sec:0000277135,0000277135,"W.W. GRAINGER, INC.",GWW,2023-08-01,2026-07-22,yfinance,GWW,386,2025-01-02,2026-07-20,b83ea6435eafdef91857d2a8700cedd649ae9de420989b649827ecb84fe8d9c9,,a3e85c9bd8a371ef16c5dd7439e573d443646ea853ee5aa3643f93810718b78a,accepted,,2026-07-21,https://data.sec.gov/submissions/CIK0000277135.json,https://query1.finance.yahoo.com/v8/finance/chart/GWW
HAL,aios:bounded:sp500:hal,aios:issuer:sec:0000045012,0000045012,HALLIBURTON CO,HAL,2023-08-01,2026-07-22,yfinance,HAL,386,2025-01-02,2026-07-20,f760efb13c2cc0f7d397389942606bc4fa3544132f12dcaf05f7a818a6e6c858,,215478aa55ec29b56a54743a9c6282a0ce435131ae1901dbb00df29a2bdd4ebb,accepted,,2026-07-21,https://data.sec.gov/submissions/CIK0000045012.json,https://query1.finance.yahoo.com/v8/finance/chart/HAL
HAS,aios:bounded:sp500:has,aios:issuer:sec:0000046080,0000046080,"HASBRO, INC.",HAS,2023-08-01,2026-07-22,yfinance,HAS,386,2025-01-02,2026-07-20,da3399e3109ba0b7fe318eb942b51a5c27a2fa7141c01068cc188724f1efc27e,,714915a0f3cb880b282c6bad289c9b7af389f4f166c9806a1cb409d5528f961f,accepted,,2026-07-21,https://data.sec.gov/submissions/CIK0000046080.json,https://query1.finance.yahoo.com/v8/finance/chart/HAS
HBAN,aios:bounded:sp500:hban,aios:issuer:sec:0000049196,0000049196,HUNTINGTON BANCSHARES INC /MD/,HBAN,2023-08-01,2026-07-22,yfinance,HBAN,386,2025-01-02,2026-07-20,faa9598b266cc4b8ffaabd39615fae3581916386494b3b6dc4fb17ed8880872c,,f138bd08558277cdb8061bf76d163219db37ce3427318cded9bf380a350c5f38,accepted,,2026-07-21,https://data.sec.gov/submissions/CIK0000049196.json,https://query1.finance.yahoo.com/v8/finance/chart/HBAN
HCA,aios:bounded:sp500:hca,aios:issuer:sec:0000860730,0000860730,"HCA Healthcare, Inc.",HCA,2023-08-01,2026-07-22,yfinance,HCA,386,2025-01-02,2026-07-20,a2e1f5567d7a9544d5bfddf70ade472faae4e10917200e7bd5bc685d191a44e5,,874e5b6a1993e842c790217b84256e03d8a78a99115f3d0748818763e9431f48,accepted,,2026-07-21,https://data.sec.gov/submissions/CIK0000860730.json,https://query1.finance.yahoo.com/v8/finance/chart/HCA
HD,aios:bounded:sp500:hd,aios:issuer:sec:0000354950,0000354950,"HOME DEPOT, INC.",HD,2023-08-01,2026-07-22,yfinance,HD,386,2025-01-02,2026-07-20,6beedc9522ffd083f0888b8b35c2ced8cf43da16b5efe19aa5eb6e977679f1a9,,032d70d2b6c7c24870cdd78809ba29c75ddecfae26df28aa49e2350b66b2f931,accepted,,2026-07-21,https://data.sec.gov/submissions/CIK0000354950.json,https://query1.finance.yahoo.com/v8/finance/chart/HD
HIG,aios:bounded:sp500:hig,aios:issuer:sec:0000874766,0000874766,"HARTFORD INSURANCE GROUP, INC.",HIG,2023-08-01,2026-07-22,yfinance,HIG,386,2025-01-02,2026-07-20,0ffb42a941e7aa6cd1f9b830dd5cfc2477db6f3a042c7a1cfc7ef936a7e7b3cc,,c8d48edcfa8f099c4728f2156b51100f45ffdd0e56e22ea34ae2c3d20b1b5ccf,accepted,,2026-07-21,https://data.sec.gov/submissions/CIK0000874766.json,https://query1.finance.yahoo.com/v8/finance/chart/HIG
HII,aios:bounded:sp500:hii,aios:issuer:sec:0001501585,0001501585,"HUNTINGTON INGALLS INDUSTRIES, INC.",HII,2023-08-01,2026-07-22,yfinance,HII,386,2025-01-02,2026-07-20,391d8928e2384ac29d1bf2797b820335ce73d53dd86ef77891edb7297ba27004,,106daf26075cdc9b2d7a4a2a529db073700b3516224635b6a753b013d44e9919,accepted,,2026-07-21,https://data.sec.gov/submissions/CIK0001501585.json,https://query1.finance.yahoo.com/v8/finance/chart/HII
HLT,aios:bounded:sp500:hlt,aios:issuer:sec:0001585689,0001585689,Hilton Worldwide Holdings Inc.,HLT,2023-08-01,2026-07-22,yfinance,HLT,386,2025-01-02,2026-07-20,2327ccf1491041b443e2d5f382a8a63458e0fc54620e589be92659a943fef38a,,b7c52cb5e57c38fb0633a31ced91e089d371b163f5654b7b28289838768b03c9,accepted,,2026-07-21,https://data.sec.gov/submissions/CIK0001585689.json,https://query1.finance.yahoo.com/v8/finance/chart/HLT
HON,aios:bounded:sp500:hon,aios:issuer:sec:0000773840,0000773840,HONEYWELL INTERNATIONAL INC,HON,2023-08-01,2026-07-22,yfinance,HON,386,2025-01-02,2026-07-20,04be1814a2d3df288d100ee14a2a751d3492f9c17fe64faca34721d797e9ede9,,b2b34abb1a794da82880a6f53ee8c556ab4e7be6e78f0c32897396f9eb698fa1,accepted,,2026-07-21,https://data.sec.gov/submissions/CIK0000773840.json,https://query1.finance.yahoo.com/v8/finance/chart/HON
HONA,aios:bounded:sp500:hona,aios:issuer:sec:0002089271,0002089271,Honeywell Aerospace Inc.,HONA,2026-06-29,2026-07-22,yfinance,HONA,15,2026-06-29,2026-07-20,5d9ba7391ad2f6659826be3b43c10d02a6ae03bc47ec8026c2d88e89166b085b,,622d32c5bdf17c2c51ae81b4b7a6a975b719ab3636cec45ccb87fbecfafa42fd,accepted,,2026-07-21,https://data.sec.gov/submissions/CIK0002089271.json,https://query1.finance.yahoo.com/v8/finance/chart/HONA
HOOD,aios:bounded:sp500:hood,aios:issuer:sec:0001783879,0001783879,"Robinhood Markets, Inc.",HOOD,2025-09-22,2026-07-22,yfinance,HOOD,207,2025-09-22,2026-07-20,2c8005515abbfca842a5068569a50228e2a0b3a46cc56aa0b650d1dfc9f73d07,,b31019c0ecce2ef144c1ba1d7270cbf3c7aa2ecb133c791e9155d82a5eb32e12,accepted,,2026-07-21,https://data.sec.gov/submissions/CIK0001783879.json,https://query1.finance.yahoo.com/v8/finance/chart/HOOD
HPE,aios:bounded:sp500:hpe,aios:issuer:sec:0001645590,0001645590,Hewlett Packard Enterprise Co,HPE,2023-08-01,2026-07-22,yfinance,HPE,386,2025-01-02,2026-07-20,134f293096be11f6e8fad1f9e29d1a3460efcc0ba6b7686c907cc63efe5666b3,,6137b41b68601cc9863bb01e4f059b02b5fa59e6a1f9cf50faef07c2ebd6b600,accepted,,2026-07-21,https://data.sec.gov/submissions/CIK0001645590.json,https://query1.finance.yahoo.com/v8/finance/chart/HPE
HPQ,aios:bounded:sp500:hpq,aios:issuer:sec:0000047217,0000047217,HP INC,HPQ,2023-08-01,2026-07-22,yfinance,HPQ,386,2025-01-02,2026-07-20,e4c5cd645421c453319f94f1566aae84e9c4d30a0565b8d3a81435bc353af187,,a2cbf5d39f4a8a61586d4fdb1b2ca9468da21d70fda07ac540f8810727de928e,accepted,,2026-07-21,https://data.sec.gov/submissions/CIK0000047217.json,https://query1.finance.yahoo.com/v8/finance/chart/HPQ
HRL,aios:bounded:sp500:hrl,aios:issuer:sec:0000048465,0000048465,HORMEL FOODS CORP /DE/,HRL,2023-08-01,2026-07-22,yfinance,HRL,386,2025-01-02,2026-07-20,55f3bb0359f9450b42ad888b3310301bc7454a9e6edb87e65400bb91a8ac31f2,,7599997c0f21e04ddb9d9cd9e06dc67cb5e86a12fc8b2886084aa227b9104d42,accepted,,2026-07-21,https://data.sec.gov/submissions/CIK0000048465.json,https://query1.finance.yahoo.com/v8/finance/chart/HRL
HSIC,aios:bounded:sp500:hsic,aios:issuer:sec:0001000228,0001000228,HENRY SCHEIN INC,HSIC,2023-08-01,2026-07-22,yfinance,HSIC,386,2025-01-02,2026-07-20,2a88380d8318dff0d3849506405a368ede0092fd7ee77b9348178e6cacd9d946,,c00ce0aef9bc6d2a1a8a241db952be099c0bee0138024f1218a3d4f86d6071db,accepted,,2026-07-21,https://data.sec.gov/submissions/CIK0001000228.json,https://query1.finance.yahoo.com/v8/finance/chart/HSIC
HST,aios:bounded:sp500:hst,aios:issuer:sec:0001070750,0001070750,"HOST HOTELS & RESORTS, INC.",HST,2023-08-01,2026-07-22,yfinance,HST,386,2025-01-02,2026-07-20,4022bcfb42fbec770089cb57504c05d0427bdde0240ee12af6e49fa49fe16871,,5c6474163b264f50ff185fe1472859f12d7b4bab5c41ff87fc7d2a4414b620f3,accepted,,2026-07-21,https://data.sec.gov/submissions/CIK0001070750.json,https://query1.finance.yahoo.com/v8/finance/chart/HST
HSY,aios:bounded:sp500:hsy,aios:issuer:sec:0000047111,0000047111,HERSHEY CO,HSY,2023-08-01,2026-07-22,yfinance,HSY,386,2025-01-02,2026-07-20,b52b807feab7bee95121c1cade68030974992388fa1a2dad29fb60265a1d4713,,494a7ece7787a899593da519b6f7d77fc872c4200338a3b2357f910e3eca9ba3,accepted,,2026-07-21,https://data.sec.gov/submissions/CIK0000047111.json,https://query1.finance.yahoo.com/v8/finance/chart/HSY
HUBB,aios:bounded:sp500:hubb,aios:issuer:sec:0000048898,0000048898,HUBBELL INC,HUBB,2023-10-18,2026-07-22,yfinance,HUBB,386,2025-01-02,2026-07-20,0333d19424b688fe4c78ca2335e9b5b5107996654a1669cbfd9fcd1b356ccd87,,43d62b6d1a69315e5384d59cc077fcd1b23e68d166d9dc7b61f5f186ce0edc17,accepted,,2026-07-21,https://data.sec.gov/submissions/CIK0000048898.json,https://query1.finance.yahoo.com/v8/finance/chart/HUBB
HUM,aios:bounded:sp500:hum,aios:issuer:sec:0000049071,0000049071,HUMANA INC,HUM,2023-08-01,2026-07-22,yfinance,HUM,386,2025-01-02,2026-07-20,dd6d5f60893b7ac067c50539f468eed0507dcb2ddbc91c244b73d0cfd1a12478,,f430abe6b2c7faebb0895f410f52dc189b330d5b78b0b64d4417a65908dc86b9,accepted,,2026-07-21,https://data.sec.gov/submissions/CIK0000049071.json,https://query1.finance.yahoo.com/v8/finance/chart/HUM
HWM,aios:bounded:sp500:hwm,aios:issuer:sec:0000004281,0000004281,Howmet Aerospace Inc.,HWM,2023-08-01,2026-07-22,yfinance,HWM,386,2025-01-02,2026-07-20,883d5159499bd4e012f693540610c9e28331b181a8c23973dd67940de4832dea,,81759515d70df046d6e34783389b9307d33346a5422f86b976aa6e75544d4d83,accepted,,2026-07-21,https://data.sec.gov/submissions/CIK0000004281.json,https://query1.finance.yahoo.com/v8/finance/chart/HWM
IBKR,aios:bounded:sp500:ibkr,aios:issuer:sec:0001381197,0001381197,"Interactive Brokers Group, Inc.",IBKR,2025-08-28,2026-07-22,yfinance,IBKR,223,2025-08-28,2026-07-20,25fb8b69cf82f017fac784ce6a55690bdea7443e3acc49d3c01946de68f5c9d7,,7c16887f8f16d08749babb5c167262321e4d193c9a982e8c3be7bcafea9b9083,accepted,,2026-07-21,https://data.sec.gov/submissions/CIK0001381197.json,https://query1.finance.yahoo.com/v8/finance/chart/IBKR
IBM,aios:bounded:sp500:ibm,aios:issuer:sec:0000051143,0000051143,INTERNATIONAL BUSINESS MACHINES CORP,IBM,2023-08-01,2026-07-22,yfinance,IBM,386,2025-01-02,2026-07-20,23381a03e16797e9281526b39e4fab1e6420b164054ac0275c7780de4f388e4e,,00945863d562d07424e971d8337ebc4d5caa8a8910eaedf4151270b1e7eb2966,accepted,,2026-07-21,https://data.sec.gov/submissions/CIK0000051143.json,https://query1.finance.yahoo.com/v8/finance/chart/IBM
ICE,aios:bounded:sp500:ice,aios:issuer:sec:0001571949,0001571949,"Intercontinental Exchange, Inc.",ICE,2023-08-01,2026-07-22,yfinance,ICE,386,2025-01-02,2026-07-20,f4294de7d1c4938cf94091f718837e64fd47a8a8fa8fe1da203c0a73010ba80a,,169f20f3ee2df9724ee036fa9762eccd1f7c3f045da797717117178acb6abced,accepted,,2026-07-21,https://data.sec.gov/submissions/CIK0001571949.json,https://query1.finance.yahoo.com/v8/finance/chart/ICE
IDXX,aios:bounded:sp500:idxx,aios:issuer:sec:0000874716,0000874716,IDEXX LABORATORIES INC /DE,IDXX,2023-08-01,2026-07-22,yfinance,IDXX,386,2025-01-02,2026-07-20,23d4cd967f170d2b4ce6b935030efd8e87bbeeed1245b89a12bd74a0e4f1843c,,996a986e1efbfd09976fb91dda958ecc1f7bd4ae8d9694afc3bf1aba1367cac0,accepted,,2026-07-21,https://data.sec.gov/submissions/CIK0000874716.json,https://query1.finance.yahoo.com/v8/finance/chart/IDXX
IEX,aios:bounded:sp500:iex,aios:issuer:sec:0000832101,0000832101,IDEX CORP /DE/,IEX,2023-08-01,2026-07-22,yfinance,IEX,386,2025-01-02,2026-07-20,21955035828ae55d1e90f89804c9542aedff7f99f8ca8e96a7391db3fb23801f,,74725aa529371eae3273f8eee39180b17d7a876edb06828dd0869915c54d4035,accepted,,2026-07-21,https://data.sec.gov/submissions/CIK0000832101.json,https://query1.finance.yahoo.com/v8/finance/chart/IEX
IFF,aios:bounded:sp500:iff,aios:issuer:sec:0000051253,0000051253,INTERNATIONAL FLAVORS & FRAGRANCES INC,IFF,2023-08-01,2026-07-22,yfinance,IFF,386,2025-01-02,2026-07-20,265f44f62a30dfbf2f7b20b835e34d82527f17752c165b9f126a9b7a64fac2f5,,d10d012c44374453754b5cdabf93a737b625e342f4ff40f7503f2d09ce1bdd32,accepted,,2026-07-21,https://data.sec.gov/submissions/CIK0000051253.json,https://query1.finance.yahoo.com/v8/finance/chart/IFF
INCY,aios:bounded:sp500:incy,aios:issuer:sec:0000879169,0000879169,INCYTE CORP,INCY,2023-08-01,2026-07-22,yfinance,INCY,386,2025-01-02,2026-07-20,0d48457d0cafea767a2a42156362929d949453db964f9c71495086456fa5f019,,437fc99d0a608f8e01b145b99701ce70b0f5665a6a0bfee44b11dd1740bca8de,accepted,,2026-07-21,https://data.sec.gov/submissions/CIK0000879169.json,https://query1.finance.yahoo.com/v8/finance/chart/INCY
INTC,aios:bounded:sp500:intc,aios:issuer:sec:0000050863,0000050863,INTEL CORP,INTC,2023-08-01,2026-07-22,yfinance,INTC,386,2025-01-02,2026-07-20,561bd0c75eb2e177b8ab0a7d7d5e57d75f733b0d2e0b7526557f124849a492de,,776ea6221923324ea9492ee3a9b77f92a4e4e71d039ea71632716d6e971f8444,accepted,,2026-07-21,https://data.sec.gov/submissions/CIK0000050863.json,https://query1.finance.yahoo.com/v8/finance/chart/INTC
INTU,aios:bounded:sp500:intu,aios:issuer:sec:0000896878,0000896878,INTUIT INC.,INTU,2023-08-01,2026-07-22,yfinance,INTU,386,2025-01-02,2026-07-20,3fe051aa0cf51dabfbe4a87f79cab029890659a9bd9b41aae4b398cbc6bfc117,,067bffdada655ac438307d1687f8d3c7f6fd1c92e1f7df0b6044f4c84d7704fc,accepted,,2026-07-21,https://data.sec.gov/submissions/CIK0000896878.json,https://query1.finance.yahoo.com/v8/finance/chart/INTU
INVH,aios:bounded:sp500:invh,aios:issuer:sec:0001687229,0001687229,Invitation Homes Inc.,INVH,2023-08-01,2026-07-22,yfinance,INVH,386,2025-01-02,2026-07-20,def013c9a7681c12fdfc7e49a76a91b08365e963f44deaa1763823412de74e0b,,b9e75e22f8ffa24f21bf959bfd8fcdc6b90d2cd2522d113053a93d25ae13e85b,accepted,,2026-07-21,https://data.sec.gov/submissions/CIK0001687229.json,https://query1.finance.yahoo.com/v8/finance/chart/INVH
IP,aios:bounded:sp500:ip,aios:issuer:sec:0000051434,0000051434,INTERNATIONAL PAPER CO /NEW/,IP,2023-08-01,2026-07-22,yfinance,IP,386,2025-01-02,2026-07-20,88fa156ef3e95baff26415609bf0d07590d78e32f11967749005017a6608a56a,,b92f039704bc15ae598e7869820fc3ee1549c64bfc4b5e40664dbea2491d3c92,accepted,,2026-07-21,https://data.sec.gov/submissions/CIK0000051434.json,https://query1.finance.yahoo.com/v8/finance/chart/IP
IQV,aios:bounded:sp500:iqv,aios:issuer:sec:0001478242,0001478242,IQVIA HOLDINGS INC.,IQV,2023-08-01,2026-07-22,yfinance,IQV,386,2025-01-02,2026-07-20,9432f8fcd724194d142dcc0cc782439f32f54af9e569043f6ed2d656536de50c,,35297a1a61141f378b92a8d2383a8abb945bde1f4160e4e6227cdfd040478a9e,accepted,,2026-07-21,https://data.sec.gov/submissions/CIK0001478242.json,https://query1.finance.yahoo.com/v8/finance/chart/IQV
IR,aios:bounded:sp500:ir,aios:issuer:sec:0001699150,0001699150,Ingersoll Rand Inc.,IR,2023-08-01,2026-07-22,yfinance,IR,386,2025-01-02,2026-07-20,3a1fdcc6988c194dce158b5cb300a83b15963ccae8aed54ab46338d9fa478dfb,,868ac38b5fab31901553e0b92d7e8b1b6dd70ab71669fb328ad4e665622ddef4,accepted,,2026-07-21,https://data.sec.gov/submissions/CIK0001699150.json,https://query1.finance.yahoo.com/v8/finance/chart/IR
IRM,aios:bounded:sp500:irm,aios:issuer:sec:0001020569,0001020569,IRON MOUNTAIN INC,IRM,2023-08-01,2026-07-22,yfinance,IRM,386,2025-01-02,2026-07-20,547478979f4290942cd991ac21a51f7efb52e5de07b4fd5d3ddb1f84a06378a2,,efd8c9f02d3466e9e75a8e63a35c015d898b4838ccf8317705f697254484e954,accepted,,2026-07-21,https://data.sec.gov/submissions/CIK0001020569.json,https://query1.finance.yahoo.com/v8/finance/chart/IRM
ISRG,aios:bounded:sp500:isrg,aios:issuer:sec:0001035267,0001035267,INTUITIVE SURGICAL INC,ISRG,2023-08-01,2026-07-22,yfinance,ISRG,386,2025-01-02,2026-07-20,0ec5e214f991da79683c0991a83636aee9795771ca5736685ff8acbca72c2fcd,,dc82c5b38732437c5d0cbfe35f54e9fd2234a33c82dea48134de1e6df051b5ce,accepted,,2026-07-21,https://data.sec.gov/submissions/CIK0001035267.json,https://query1.finance.yahoo.com/v8/finance/chart/ISRG
IT,aios:bounded:sp500:it,aios:issuer:sec:0000749251,0000749251,GARTNER INC,IT,2023-08-01,2026-07-22,yfinance,IT,386,2025-01-02,2026-07-20,1ff6ec6c61bace9639437d96ad975ee3bd040ddab0d7ea5afd4fe2cfabaa721f,,47624116cecacdc7dd14a23d41f13668f6c5bf8dab833f1b2c32c0c16fb9a07a,accepted,,2026-07-21,https://data.sec.gov/submissions/CIK0000749251.json,https://query1.finance.yahoo.com/v8/finance/chart/IT
ITW,aios:bounded:sp500:itw,aios:issuer:sec:0000049826,0000049826,ILLINOIS TOOL WORKS INC,ITW,2023-08-01,2026-07-22,yfinance,ITW,386,2025-01-02,2026-07-20,e6c4809b33f56d706ab01189d3c61eb2ff499905b2d4674d200ff2f1caf8a4c4,,5e86f711852ba688894082466f78814681ee2448ce959588e352c3dc5c10953c,accepted,,2026-07-21,https://data.sec.gov/submissions/CIK0000049826.json,https://query1.finance.yahoo.com/v8/finance/chart/ITW
IVZ,aios:bounded:sp500:ivz,aios:issuer:sec:0000914208,0000914208,Invesco Ltd.,IVZ,2023-08-01,2026-07-22,yfinance,IVZ,386,2025-01-02,2026-07-20,5b0b620d0c22ccaf95a0435ffc7a679c9393474ec837e6707ebbac1557e097a2,,41c57e1940c701df331f78d9a90aadb2fdb2ac2b8c3337a9f6b7e19a92144ba5,accepted,,2026-07-21,https://data.sec.gov/submissions/CIK0000914208.json,https://query1.finance.yahoo.com/v8/finance/chart/IVZ
J,aios:bounded:sp500:j,aios:issuer:sec:0000052988,0000052988,JACOBS SOLUTIONS INC.,J,2023-08-01,2026-07-22,yfinance,J,386,2025-01-02,2026-07-20,48c08c9d6bf718cb0b42f4e6e514819147cae659d4583bef198c2467206f6b08,,2db3eddd2e26731e626f4763a71ae6e28249c2d9b446106523b39c1b3c8f2385,accepted,,2026-07-21,https://data.sec.gov/submissions/CIK0000052988.json,https://query1.finance.yahoo.com/v8/finance/chart/J
JBHT,aios:bounded:sp500:jbht,aios:issuer:sec:0000728535,0000728535,HUNT J B TRANSPORT SERVICES INC,JBHT,2023-08-01,2026-07-22,yfinance,JBHT,386,2025-01-02,2026-07-20,242f260abcd472802974b2e910f524b7e15d3dfcef9d721ec62c9998dc85bf5e,,7921462aa2a656d24b6c344a15ce91f2724724d29e2cd38ffd81048ef839f3da,accepted,,2026-07-21,https://data.sec.gov/submissions/CIK0000728535.json,https://query1.finance.yahoo.com/v8/finance/chart/JBHT
JBL,aios:bounded:sp500:jbl,aios:issuer:sec:0000898293,0000898293,JABIL INC,JBL,2023-12-18,2026-07-22,yfinance,JBL,386,2025-01-02,2026-07-20,86d1f40f8711166201cd923b2bcc33fc3830c96ecebcc854007fb220cbb65281,,e4905c7821a7e0c0f8e1aa2fd37d7c9d877947b3b3076e7fa80a837700c39867,accepted,,2026-07-21,https://data.sec.gov/submissions/CIK0000898293.json,https://query1.finance.yahoo.com/v8/finance/chart/JBL
JCI,aios:bounded:sp500:jci,aios:issuer:sec:0000833444,0000833444,Johnson Controls International plc,JCI,2023-08-01,2026-07-22,yfinance,JCI,386,2025-01-02,2026-07-20,6703892ca30e4b9888319adb07606f4b0aab5fa6aa037aeb6edf3fe7c54b65f4,,d310f61a0615fedd12549b5bce4eb89e8413172783d3188d3520d14f853e7465,accepted,,2026-07-21,https://data.sec.gov/submissions/CIK0000833444.json,https://query1.finance.yahoo.com/v8/finance/chart/JCI
JKHY,aios:bounded:sp500:jkhy,aios:issuer:sec:0000779152,0000779152,JACK HENRY & ASSOCIATES INC,JKHY,2023-08-01,2026-07-22,yfinance,JKHY,386,2025-01-02,2026-07-20,675a0b1d89be2acb263d0f6111add640197b144e827a54ce6071028318261a63,,c037cddb1ce16178826ae28c245f896f73e0c2bbccb8efc8ed5161bd8de7a803,accepted,,2026-07-21,https://data.sec.gov/submissions/CIK0000779152.json,https://query1.finance.yahoo.com/v8/finance/chart/JKHY
JNJ,aios:bounded:sp500:jnj,aios:issuer:sec:0000200406,0000200406,JOHNSON & JOHNSON,JNJ,2023-08-01,2026-07-22,yfinance,JNJ,386,2025-01-02,2026-07-20,bcc902358264fed5ad5758d8c4455a85ec5e89dd0e4ea60275bb6aebd607982b,,e74fea2dfa344ce5c64a52c58469f84fdd49db16261e497a63c08771ee087b82,accepted,,2026-07-21,https://data.sec.gov/submissions/CIK0000200406.json,https://query1.finance.yahoo.com/v8/finance/chart/JNJ
JPM,aios:bounded:sp500:jpm,aios:issuer:sec:0000019617,0000019617,JPMORGAN CHASE & CO,JPM,2023-08-01,2026-07-22,yfinance,JPM,386,2025-01-02,2026-07-20,499f5a96dc1631d8ccdef5a933ef64d89367a2a4f099c8c8e5fe38022c536f35,https://data.sec.gov/submissions/CIK0000019617-submissions-006.json,70be231c98e08c8ef74d3c81ad4ac9c6d292267078c66a76b8b249f87d38b428,accepted,,2026-07-21,https://data.sec.gov/submissions/CIK0000019617.json,https://query1.finance.yahoo.com/v8/finance/chart/JPM
KDP,aios:bounded:sp500:kdp,aios:issuer:sec:0001418135,0001418135,Keurig Dr Pepper Inc.,KDP,2023-08-01,2026-07-22,yfinance,KDP,386,2025-01-02,2026-07-20,5c64363fe629d2db3c043e17e753637eb8baceb9b0c3c8df4e599cab339d5520,,32a7af9998c25b476e87303ac28b9d0efd6acb22a793b0352efaea6a6dc6aa10,accepted,,2026-07-21,https://data.sec.gov/submissions/CIK0001418135.json,https://query1.finance.yahoo.com/v8/finance/chart/KDP
KEY,aios:bounded:sp500:key,aios:issuer:sec:0000091576,0000091576,KEYCORP /NEW/,KEY,2023-08-01,2026-07-22,yfinance,KEY,386,2025-01-02,2026-07-20,83f0467f658e525282a0efad1c00385035f03bda206972afb428e2e6f5ad1255,,d63f9e790dfc49551334a54b964bc89d47cc3bd0d2a878bfda1147c7ee4147b8,accepted,,2026-07-21,https://data.sec.gov/submissions/CIK0000091576.json,https://query1.finance.yahoo.com/v8/finance/chart/KEY
KEYS,aios:bounded:sp500:keys,aios:issuer:sec:0001601046,0001601046,"Keysight Technologies, Inc.",KEYS,2023-08-01,2026-07-22,yfinance,KEYS,386,2025-01-02,2026-07-20,6253d62043827f378662e93001e8691ef563e50a6e2a483df194e5059971b063,,a175813181799c16e29fb939956d6c09428fb3521c701b137cacbd64ce0e71c4,accepted,,2026-07-21,https://data.sec.gov/submissions/CIK0001601046.json,https://query1.finance.yahoo.com/v8/finance/chart/KEYS
KHC,aios:bounded:sp500:khc,aios:issuer:sec:0001637459,0001637459,Kraft Heinz Co,KHC,2023-08-01,2026-07-22,yfinance,KHC,386,2025-01-02,2026-07-20,56a326c1ba5b9858ccfed1aca65dc806652cf785e5535c8679fcfee84cc4198b,,c3553829029aba83b7594b35f71771bd4b6109e1000976f2412a9ccc80616165,accepted,,2026-07-21,https://data.sec.gov/submissions/CIK0001637459.json,https://query1.finance.yahoo.com/v8/finance/chart/KHC
KIM,aios:bounded:sp500:kim,aios:issuer:sec:0000879101,0000879101,KIMCO REALTY CORP,KIM,2023-08-01,2026-07-22,yfinance,KIM,386,2025-01-02,2026-07-20,4a42c14cc6740bbf04c696982f0e26f3b9d2b6875063210acfedf7fca200b879,,9ea7d245ffff0d34156cf0253fbc2715181018e7ccbeed4e5cf595ba7d25e8fe,accepted,,2026-07-21,https://data.sec.gov/submissions/CIK0000879101.json,https://query1.finance.yahoo.com/v8/finance/chart/KIM
KKR,aios:bounded:sp500:kkr,aios:issuer:sec:0001404912,0001404912,KKR & Co. Inc.,KKR,2024-06-24,2026-07-22,yfinance,KKR,386,2025-01-02,2026-07-20,c9081e78c2b8150519f3fa39a90dd9b44f31684e4c7ab28f326d84a5faf1a9cd,,7e23f42b237014128e0b6f66584dcaa1db8974483866b57ddca5be4b6d0a508d,accepted,,2026-07-21,https://data.sec.gov/submissions/CIK0001404912.json,https://query1.finance.yahoo.com/v8/finance/chart/KKR
KLAC,aios:bounded:sp500:klac,aios:issuer:sec:0000319201,0000319201,KLA CORP,KLAC,2023-08-01,2026-07-22,yfinance,KLAC,386,2025-01-02,2026-07-20,5840609abe391e13a810b284aeb44b518730a29b71ee310ba090e2c9a1c85844,,bd6af6188a709576be16625d02af1abac77b53d51892ed8cc8dd72a3daa13e3a,accepted,,2026-07-21,https://data.sec.gov/submissions/CIK0000319201.json,https://query1.finance.yahoo.com/v8/finance/chart/KLAC
KMB,aios:bounded:sp500:kmb,aios:issuer:sec:0000055785,0000055785,KIMBERLY CLARK CORP,KMB,2023-08-01,2026-07-22,yfinance,KMB,386,2025-01-02,2026-07-20,c8be7ebc57cd559be5cef5d12e6417175fa6430ef70ce2a2055d0c039d19717d,,1c9dd52a08443281b1f461d29c5989670bd8d5a5a23861c53b19935e59bac053,accepted,,2026-07-21,https://data.sec.gov/submissions/CIK0000055785.json,https://query1.finance.yahoo.com/v8/finance/chart/KMB
KMI,aios:bounded:sp500:kmi,aios:issuer:sec:0001506307,0001506307,"KINDER MORGAN, INC.",KMI,2023-08-01,2026-07-22,yfinance,KMI,386,2025-01-02,2026-07-20,d8bc6b42216b7007bbe44c00f5fa623eaa51baab384d3f0909e216e8a767627f,,c6a4c29e8b013dc063ecacb6c39cefc02f67f193628ffa7001a5426b60c14e12,accepted,,2026-07-21,https://data.sec.gov/submissions/CIK0001506307.json,https://query1.finance.yahoo.com/v8/finance/chart/KMI
KO,aios:bounded:sp500:ko,aios:issuer:sec:0000021344,0000021344,COCA COLA CO,KO,2023-08-01,2026-07-22,yfinance,KO,386,2025-01-02,2026-07-20,d91c53602b3a607d34bd189d06ca78640d50f37f8232b1b0514742fb24cbd0f9,,c7427ef9a75c08512be563eeb33d9cc868f84f168d4bfb1312856407deb6bbfc,accepted,,2026-07-21,https://data.sec.gov/submissions/CIK0000021344.json,https://query1.finance.yahoo.com/v8/finance/chart/KO
KR,aios:bounded:sp500:kr,aios:issuer:sec:0000056873,0000056873,KROGER CO,KR,2023-08-01,2026-07-22,yfinance,KR,386,2025-01-02,2026-07-20,f6e25cc5aae848c212a73a822cd8b46f0b6db47b3b8c24e52059d6989d8a4ad5,,903354d5acb58de6224edfe8eead916ed8ceaf80253cda19b935d3ae45128acd,accepted,,2026-07-21,https://data.sec.gov/submissions/CIK0000056873.json,https://query1.finance.yahoo.com/v8/finance/chart/KR
KVUE,aios:bounded:sp500:kvue,aios:issuer:sec:0001944048,0001944048,Kenvue Inc.,KVUE,2023-08-25,2026-07-22,yfinance,KVUE,386,2025-01-02,2026-07-20,8ca8f0554999d9065357da34527641baa4a335afc7b38d07f8941a3555795c3a,,70013dce9726f3a75b4fef9e99f60adb783aff54ae1c55ff58e45816073a784e,accepted,,2026-07-21,https://data.sec.gov/submissions/CIK0001944048.json,https://query1.finance.yahoo.com/v8/finance/chart/KVUE
L,aios:bounded:sp500:l,aios:issuer:sec:0000060086,0000060086,LOEWS CORP,L,2023-08-01,2026-07-22,yfinance,L,386,2025-01-02,2026-07-20,fa18646445b4c18ed98e41467b725d74c77038e5167e3be5476f64bfc1aca02c,,a1410d8abed66bebcecdfccd3a7d9cc5441cf39911afe868204e4bd369f207cd,accepted,,2026-07-21,https://data.sec.gov/submissions/CIK0000060086.json,https://query1.finance.yahoo.com/v8/finance/chart/L
LDOS,aios:bounded:sp500:ldos,aios:issuer:sec:0001336920,0001336920,"Leidos Holdings, Inc.",LDOS,2023-08-01,2026-07-22,yfinance,LDOS,386,2025-01-02,2026-07-20,590b3a62f31d39864502583b2b9551a9372d6749664973ef35cd4ceca6dcb095,,d6676819e1193aa7f7251561174ecc80f0d7adaceedb6dc2d121436406160830,accepted,,2026-07-21,https://data.sec.gov/submissions/CIK0001336920.json,https://query1.finance.yahoo.com/v8/finance/chart/LDOS
LEN,aios:bounded:sp500:len,aios:issuer:sec:0000920760,0000920760,LENNAR CORP /NEW/,LEN,2023-08-01,2026-07-22,yfinance,LEN,386,2025-01-02,2026-07-20,5a0e720f24ef3c09f9394c4bed88c44e747e9d84ce16592e55f9910c56d95222,,e0fe5ae0312064845972fc7f832b9b12d21ecc984905316a7f340590542bf01d,accepted,,2026-07-21,https://data.sec.gov/submissions/CIK0000920760.json,https://query1.finance.yahoo.com/v8/finance/chart/LEN
LH,aios:bounded:sp500:lh,aios:issuer:sec:0000920148,0000920148,LABCORP HOLDINGS INC.,LH,2023-08-01,2026-07-22,yfinance,LH,386,2025-01-02,2026-07-20,1f254748fac6deb10ccd7307ed34c3932c515295de587889f81fc1b354cc6fd3,,0e531b43d88be4754d254d0243812c589a79dcdfa190d50e3044c6c1e5a8d19d,accepted,,2026-07-21,https://data.sec.gov/submissions/CIK0000920148.json,https://query1.finance.yahoo.com/v8/finance/chart/LH
LHX,aios:bounded:sp500:lhx,aios:issuer:sec:0000202058,0000202058,"L3HARRIS TECHNOLOGIES, INC. /DE/",LHX,2023-08-01,2026-07-22,yfinance,LHX,386,2025-01-02,2026-07-20,84c85eb6cef6211b1fb6a86aff40bf863e38d0130a9a26e416b1fce6f74de950,,0492e4f8e1d15fb42fd6ca0866423714e19e5a6be2142ee28ce22ccc7efb4dc4,accepted,,2026-07-21,https://data.sec.gov/submissions/CIK0000202058.json,https://query1.finance.yahoo.com/v8/finance/chart/LHX
LII,aios:bounded:sp500:lii,aios:issuer:sec:0001069202,0001069202,LENNOX INTERNATIONAL INC,LII,2024-12-23,2026-07-22,yfinance,LII,386,2025-01-02,2026-07-20,b0849925384417ec37932dd05c7f4d9a514942c7015a166232f0072e821e4a83,,4bd88e037e4e059f630d88c41c41c87d4ff68118f41138a5ebf62a90eb6a6875,accepted,,2026-07-21,https://data.sec.gov/submissions/CIK0001069202.json,https://query1.finance.yahoo.com/v8/finance/chart/LII
LIN,aios:bounded:sp500:lin,aios:issuer:sec:0001707925,0001707925,LINDE PLC,LIN,2023-08-01,2026-07-22,yfinance,LIN,386,2025-01-02,2026-07-20,fd99b445930ca9700a3b4c3c083d2c8e37db433cd903dea4fcbaf6c839a95aaf,,ba4dfbbe29a6fbaa7b5248549d7ebe9e1bf2b839f6d151fff8795199477e443b,accepted,,2026-07-21,https://data.sec.gov/submissions/CIK0001707925.json,https://query1.finance.yahoo.com/v8/finance/chart/LIN
LITE,aios:bounded:sp500:lite,aios:issuer:sec:0001633978,0001633978,Lumentum Holdings Inc.,LITE,2026-03-23,2026-07-22,yfinance,LITE,82,2026-03-23,2026-07-20,e1db598032b0949ca46c5109b873f5f4d31ae388482e4aa8160f7016345308f3,,dbc89fff19faa843ba8ebd26a6fbd0a8647ccc9fb663bf37370c4ff0fe4d74d2,accepted,,2026-07-21,https://data.sec.gov/submissions/CIK0001633978.json,https://query1.finance.yahoo.com/v8/finance/chart/LITE
LLY,aios:bounded:sp500:lly,aios:issuer:sec:0000059478,0000059478,ELI LILLY & Co,LLY,2023-08-01,2026-07-22,yfinance,LLY,386,2025-01-02,2026-07-20,8ed918ba1833f8cc5b08339a3356a5d27229d97f16091eac799b92d072a1c30f,,207461299a294d7e467426c3389d8f14ba7f95da2096a1e063016b7c8559ce6b,accepted,,2026-07-21,https://data.sec.gov/submissions/CIK0000059478.json,https://query1.finance.yahoo.com/v8/finance/chart/LLY
LMT,aios:bounded:sp500:lmt,aios:issuer:sec:0000936468,0000936468,LOCKHEED MARTIN CORP,LMT,2023-08-01,2026-07-22,yfinance,LMT,386,2025-01-02,2026-07-20,1475de69506f64c404241a63e3e84c13b6e35905246a5677de28aa8c2d0a98b3,,ace5686c701db6241a88b12f9d4c4923a9f2b0df69c27ba091d07915cc44ca67,accepted,,2026-07-21,https://data.sec.gov/submissions/CIK0000936468.json,https://query1.finance.yahoo.com/v8/finance/chart/LMT
LNT,aios:bounded:sp500:lnt,aios:issuer:sec:0000352541,0000352541,ALLIANT ENERGY CORP,LNT,2023-08-01,2026-07-22,yfinance,LNT,386,2025-01-02,2026-07-20,1106c660186595db3b56197c9798f90453abe88a2814b2e672d9054c6bf78761,,50b75c574e05ecdcd0047865cc02d204d1073c99a10af5e1f7e106eb8f70b3f9,accepted,,2026-07-21,https://data.sec.gov/submissions/CIK0000352541.json,https://query1.finance.yahoo.com/v8/finance/chart/LNT
LOW,aios:bounded:sp500:low,aios:issuer:sec:0000060667,0000060667,LOWES COMPANIES INC,LOW,2023-08-01,2026-07-22,yfinance,LOW,386,2025-01-02,2026-07-20,ba001b0a1501c19efd945c0f7b96b8ddec3759543d8fc78ea555154b269d18e9,,4d08c8258e2f3a31bcd80daefee20885d773a333579b6439dd05174433e35691,accepted,,2026-07-21,https://data.sec.gov/submissions/CIK0000060667.json,https://query1.finance.yahoo.com/v8/finance/chart/LOW
LRCX,aios:bounded:sp500:lrcx,aios:issuer:sec:0000707549,0000707549,LAM RESEARCH CORP,LRCX,2023-08-01,2026-07-22,yfinance,LRCX,386,2025-01-02,2026-07-20,4073ae9a4c952e505766649cf94136394c0a61d004cdc5fb3c7817c427615fd6,,f8e9cf556f951376906a72511970bebc4c0846eb29a7fa4643ef3fa5d2754d00,accepted,,2026-07-21,https://data.sec.gov/submissions/CIK0000707549.json,https://query1.finance.yahoo.com/v8/finance/chart/LRCX
LULU,aios:bounded:sp500:lulu,aios:issuer:sec:0001397187,0001397187,lululemon athletica inc.,LULU,2023-10-18,2026-07-22,yfinance,LULU,386,2025-01-02,2026-07-20,b886dc066bde721739390d00b855852e5915c5b8b661c32e54fca62ab14efa97,,97dddbd6cd07f05b59fae513a0b25a60b48388f2509c027ab14086480afee68b,accepted,,2026-07-21,https://data.sec.gov/submissions/CIK0001397187.json,https://query1.finance.yahoo.com/v8/finance/chart/LULU
LUV,aios:bounded:sp500:luv,aios:issuer:sec:0000092380,0000092380,SOUTHWEST AIRLINES CO,LUV,2023-08-01,2026-07-22,yfinance,LUV,386,2025-01-02,2026-07-20,8d8ab39dc47220b7992f524ef227f45fea90d3b331768436c7a2a3a8c0aa1f5f,,c4eb8607b2f83ce8ebf54992334309d04959ac6a63fde4ebf925fba86ba00171,accepted,,2026-07-21,https://data.sec.gov/submissions/CIK0000092380.json,https://query1.finance.yahoo.com/v8/finance/chart/LUV
LVS,aios:bounded:sp500:lvs,aios:issuer:sec:0001300514,0001300514,LAS VEGAS SANDS CORP,LVS,2023-08-01,2026-07-22,yfinance,LVS,386,2025-01-02,2026-07-20,378e088136e0c79f757943ab7786f0e0a8e9dfc0425af32ff73cb09449eb104b,,67a7f7b0dd3f5cd9a4a2e6f4d95d24751f86674b3d2bed491096bacebdfa07dd,accepted,,2026-07-21,https://data.sec.gov/submissions/CIK0001300514.json,https://query1.finance.yahoo.com/v8/finance/chart/LVS
LYB,aios:bounded:sp500:lyb,aios:issuer:sec:0001489393,0001489393,LyondellBasell Industries N.V.,LYB,2023-08-01,2026-07-22,yfinance,LYB,386,2025-01-02,2026-07-20,3600109c8e4c07701f05f1b4a772535742382694ae5dff9edddd93301bfe63d2,,810ec735afa24177a5ea50d5f9516e6431f48b078851d60905b1bc90630e220c,accepted,,2026-07-21,https://data.sec.gov/submissions/CIK0001489393.json,https://query1.finance.yahoo.com/v8/finance/chart/LYB
LYV,aios:bounded:sp500:lyv,aios:issuer:sec:0001335258,0001335258,"Live Nation Entertainment, Inc.",LYV,2023-08-01,2026-07-22,yfinance,LYV,386,2025-01-02,2026-07-20,72ad1c481e5631a628e01e205dbc35f72fef2c2cf7c5a2f9918aaa575a8eee57,,7b64463301f3b30a3d852b4ecb89ca8e642b8f8b4fe7565635adfa8cef1e6ad8,accepted,,2026-07-21,https://data.sec.gov/submissions/CIK0001335258.json,https://query1.finance.yahoo.com/v8/finance/chart/LYV
MA,aios:bounded:sp500:ma,aios:issuer:sec:0001141391,0001141391,Mastercard Inc,MA,2023-08-01,2026-07-22,yfinance,MA,386,2025-01-02,2026-07-20,280d71497c783eb4b37163f8f8067445a21afb3d8989dc53b5d400e27ff86942,,c97faf1160925fc4a7b81b5570551f878dc26798f34fc495815f44f3cfd9697b,accepted,,2026-07-21,https://data.sec.gov/submissions/CIK0001141391.json,https://query1.finance.yahoo.com/v8/finance/chart/MA
MAA,aios:bounded:sp500:maa,aios:issuer:sec:0000912595,0000912595,MID AMERICA APARTMENT COMMUNITIES INC.,MAA,2023-08-01,2026-07-22,yfinance,MAA,386,2025-01-02,2026-07-20,81b084e09e69abdd38d56527fd68c8f934e6cf61fc7af5d913557ecf09e59da7,,6e58ca7226cf8527ff532c60b17858c28d14e92afc8e5b55f934b52fc1b772a6,accepted,,2026-07-21,https://data.sec.gov/submissions/CIK0000912595.json,https://query1.finance.yahoo.com/v8/finance/chart/MAA
MAR,aios:bounded:sp500:mar,aios:issuer:sec:0001048286,0001048286,MARRIOTT INTERNATIONAL INC /MD/,MAR,2023-08-01,2026-07-22,yfinance,MAR,386,2025-01-02,2026-07-20,ae2a974ec8958852d8a853d48d854a7a5745ca6c400856a0d623ebadbe049c2a,,fc6370969dc55ca5c7b696a3a0e90ad219eb62a071007d68c3dff74a491ef515,accepted,,2026-07-21,https://data.sec.gov/submissions/CIK0001048286.json,https://query1.finance.yahoo.com/v8/finance/chart/MAR
MAS,aios:bounded:sp500:mas,aios:issuer:sec:0000062996,0000062996,MASCO CORP /DE/,MAS,2023-08-01,2026-07-22,yfinance,MAS,386,2025-01-02,2026-07-20,a7705f43659dea32d183c665a575b2c51a84bbda236071660f11af69e48bd187,,a71811f282ad685716a82abef8a9c8d37f340a93baaacd982517e01da5f4a2db,accepted,,2026-07-21,https://data.sec.gov/submissions/CIK0000062996.json,https://query1.finance.yahoo.com/v8/finance/chart/MAS
MCD,aios:bounded:sp500:mcd,aios:issuer:sec:0000063908,0000063908,MCDONALDS CORP,MCD,2023-08-01,2026-07-22,yfinance,MCD,386,2025-01-02,2026-07-20,702ecfc857cf2ed85609dcc7e59e056d9ab680859568625d88f5a82b8c63c915,,2d843f5e4e1115e0652c280a71d32bb1d83543241a99691bda049e27d560be01,accepted,,2026-07-21,https://data.sec.gov/submissions/CIK0000063908.json,https://query1.finance.yahoo.com/v8/finance/chart/MCD
MCHP,aios:bounded:sp500:mchp,aios:issuer:sec:0000827054,0000827054,MICROCHIP TECHNOLOGY INC,MCHP,2023-08-01,2026-07-22,yfinance,MCHP,386,2025-01-02,2026-07-20,68131a52091e24e20e02b9982d902c9cd4c586f1532adaebc64d7da766354c5a,,7908932da46d9ae3cad368ee8ef70e5369f28e8725f41a0823132d78bcccd560,accepted,,2026-07-21,https://data.sec.gov/submissions/CIK0000827054.json,https://query1.finance.yahoo.com/v8/finance/chart/MCHP
MCK,aios:bounded:sp500:mck,aios:issuer:sec:0000927653,0000927653,MCKESSON CORP,MCK,2023-08-01,2026-07-22,yfinance,MCK,386,2025-01-02,2026-07-20,1a2f514a24fe6e8e2259ed00dce3e50ef639dbd2a50296b75cba2307969c7354,,b1048ebc5784d40ccc0e83b878e1dc4a7cd3b8b407f8ff0007986605da0cf4fb,accepted,,2026-07-21,https://data.sec.gov/submissions/CIK0000927653.json,https://query1.finance.yahoo.com/v8/finance/chart/MCK
MCO,aios:bounded:sp500:mco,aios:issuer:sec:0001059556,0001059556,MOODYS CORP /DE/,MCO,2023-08-01,2026-07-22,yfinance,MCO,386,2025-01-02,2026-07-20,144fb7544bfc1bed3f023e2296cccc654621daad6e0ccf998a8efd14816bfddd,,9e5ca259af2949af1cb791ef78493b409bf5e00cabd450e68efa5d720edb0fcd,accepted,,2026-07-21,https://data.sec.gov/submissions/CIK0001059556.json,https://query1.finance.yahoo.com/v8/finance/chart/MCO
MDLZ,aios:bounded:sp500:mdlz,aios:issuer:sec:0001103982,0001103982,"Mondelez International, Inc.",MDLZ,2023-08-01,2026-07-22,yfinance,MDLZ,386,2025-01-02,2026-07-20,e8b4f04abb62c6c0ac694f6ace447424a326d528d350c208325f10051b4e7953,,c4a5c9fa6a786141f9f4cfaf5803bf1898ec54646eecf64a48dcd3cb12091c9f,accepted,,2026-07-21,https://data.sec.gov/submissions/CIK0001103982.json,https://query1.finance.yahoo.com/v8/finance/chart/MDLZ
MDT,aios:bounded:sp500:mdt,aios:issuer:sec:0001613103,0001613103,Medtronic plc,MDT,2023-08-01,2026-07-22,yfinance,MDT,386,2025-01-02,2026-07-20,522e2cf1990f1518bd4f78fad7638228d56569e1dfea3f2878a16492754ec322,,ec9c87f977ec0681c0794050d00fd87c332401620fab7e8c098fa3069e0a3bda,accepted,,2026-07-21,https://data.sec.gov/submissions/CIK0001613103.json,https://query1.finance.yahoo.com/v8/finance/chart/MDT
MET,aios:bounded:sp500:met,aios:issuer:sec:0001099219,0001099219,METLIFE INC,MET,2023-08-01,2026-07-22,yfinance,MET,386,2025-01-02,2026-07-20,fdc086cc406cd31c5c9424d3f535c67b6e1c593fc0c0b0055080d40c2329bf8d,,ecb7a609a229cea32a9c5bf617f56020f5840e77da9d4a6defaa3f0683d497aa,accepted,,2026-07-21,https://data.sec.gov/submissions/CIK0001099219.json,https://query1.finance.yahoo.com/v8/finance/chart/MET
META,aios:bounded:sp500:meta,aios:issuer:sec:0001326801,0001326801,"Meta Platforms, Inc.",META,2023-08-01,2026-07-22,yfinance,META,386,2025-01-02,2026-07-20,7816ec32c1338a6a4ed8328552f7c1e579a867445c1688f1e64a0fa510feb776,,ba30ccacedddfd97faaa50c4e3c4d30acd117a69edb1cc19ead7c0fe21f049ec,accepted,,2026-07-21,https://data.sec.gov/submissions/CIK0001326801.json,https://query1.finance.yahoo.com/v8/finance/chart/META
MGM,aios:bounded:sp500:mgm,aios:issuer:sec:0000789570,0000789570,MGM Resorts International,MGM,2023-08-01,2026-07-22,yfinance,MGM,386,2025-01-02,2026-07-20,b385ce57dab1637326b68cb597a42924d4028f82c707dfc2ef0dfcc9796a3f6a,,1aaea67055d705f9d768d93d475eae365a10fa25a16cff497fcd4587074e7ef3,accepted,,2026-07-21,https://data.sec.gov/submissions/CIK0000789570.json,https://query1.finance.yahoo.com/v8/finance/chart/MGM
MKC,aios:bounded:sp500:mkc,aios:issuer:sec:0000063754,0000063754,MCCORMICK & CO INC,MKC,2023-08-01,2026-07-22,yfinance,MKC,386,2025-01-02,2026-07-20,3ace786ef7ac95f33ddd581c69d2e361463f26624a7e9f52aff05cc533ac044e,,54949e8effcb1277e36badffe6e1c5e55c3a5773b737612d7bd239d874e1f815,accepted,,2026-07-21,https://data.sec.gov/submissions/CIK0000063754.json,https://query1.finance.yahoo.com/v8/finance/chart/MKC
MLM,aios:bounded:sp500:mlm,aios:issuer:sec:0000916076,0000916076,MARTIN MARIETTA MATERIALS INC,MLM,2023-08-01,2026-07-22,yfinance,MLM,386,2025-01-02,2026-07-20,d9cccef691c8ddf103b5f65138ae6795b52681a8404da7e5df7f3f104a52a624,,707e41e2d2cf05651a96b6f93326389a800b244b00e4ee31e47e2b7185e16d9a,accepted,,2026-07-21,https://data.sec.gov/submissions/CIK0000916076.json,https://query1.finance.yahoo.com/v8/finance/chart/MLM
MMM,aios:bounded:sp500:mmm,aios:issuer:sec:0000066740,0000066740,3M CO,MMM,2023-08-01,2026-07-22,yfinance,MMM,386,2025-01-02,2026-07-20,b25863b03cc06dbd067ee1ea7e313ce8fb5b3e6fcfec6eabcb5f2f34c09c126b,,04d7e5648205a069096fff70ba04d883df69b648867b980d960cb33eb3b3e50e,accepted,,2026-07-21,https://data.sec.gov/submissions/CIK0000066740.json,https://query1.finance.yahoo.com/v8/finance/chart/MMM
MNST,aios:bounded:sp500:mnst,aios:issuer:sec:0000865752,0000865752,Monster Beverage Corp,MNST,2023-08-01,2026-07-22,yfinance,MNST,386,2025-01-02,2026-07-20,6f1942a4c6ec634864099b64ca5be162fad968fb6b61adbce6b89159a24b3f04,,207a14a686b6743b1af0fbccfaddfeb044df9df68088ddc02b62313bbbf9fbd4,accepted,,2026-07-21,https://data.sec.gov/submissions/CIK0000865752.json,https://query1.finance.yahoo.com/v8/finance/chart/MNST
MO,aios:bounded:sp500:mo,aios:issuer:sec:0000764180,0000764180,"ALTRIA GROUP, INC.",MO,2023-08-01,2026-07-22,yfinance,MO,386,2025-01-02,2026-07-20,30afa28e3dc83ffa2d3f8e2237862fe87a43e6b94bdb7d280ca4cd2d1f468d9b,,422884d058affe03c543fee569700597d26cb4e8294dcd853fd6bb9a27956e83,accepted,,2026-07-21,https://data.sec.gov/submissions/CIK0000764180.json,https://query1.finance.yahoo.com/v8/finance/chart/MO
MOS,aios:bounded:sp500:mos,aios:issuer:sec:0001285785,0001285785,MOSAIC CO,MOS,2023-08-01,2026-07-22,yfinance,MOS,386,2025-01-02,2026-07-20,7fe6ae9ece54313ccb4acaf36f38a544a142befb820e6373b08162768e1c6f78,,bdbcfe6d19a7171bf7e69da5021c7fddb269c4bbdba445709b86c78642233d52,accepted,,2026-07-21,https://data.sec.gov/submissions/CIK0001285785.json,https://query1.finance.yahoo.com/v8/finance/chart/MOS
MPC,aios:bounded:sp500:mpc,aios:issuer:sec:0001510295,0001510295,Marathon Petroleum Corp,MPC,2023-08-01,2026-07-22,yfinance,MPC,386,2025-01-02,2026-07-20,2a30e42ddead4f9a732c9726037201b9755570b33e76979e6961d0a0e507eca1,,81b5bff12ca439ec72ad1172f2f6b011c427605ff6f8bd96af215f16562e4572,accepted,,2026-07-21,https://data.sec.gov/submissions/CIK0001510295.json,https://query1.finance.yahoo.com/v8/finance/chart/MPC
MPWR,aios:bounded:sp500:mpwr,aios:issuer:sec:0001280452,0001280452,"MONOLITHIC POWER SYSTEMS, INC.",MPWR,2023-08-01,2026-07-22,yfinance,MPWR,386,2025-01-02,2026-07-20,5fe2eea441006b113a08b902b7594860822a1a70900bfef2b406cf1d16598cf5,,d0bf6d5bbe5b7b0655d82fa11265bdbf94de9db4e7dc7bcfe75d79ce4655d901,accepted,,2026-07-21,https://data.sec.gov/submissions/CIK0001280452.json,https://query1.finance.yahoo.com/v8/finance/chart/MPWR
MRK,aios:bounded:sp500:mrk,aios:issuer:sec:0000310158,0000310158,"Merck & Co., Inc.",MRK,2023-08-01,2026-07-22,yfinance,MRK,386,2025-01-02,2026-07-20,71c31dab0ad8a19165ac65021b014ea90df28dc3da7e23299bff3f2c0f2dacf9,,340c320dd9405f4557168fd2c62eb799be47d62ec6a408f08731c521aee1e4cf,accepted,,2026-07-21,https://data.sec.gov/submissions/CIK0000310158.json,https://query1.finance.yahoo.com/v8/finance/chart/MRK
MRNA,aios:bounded:sp500:mrna,aios:issuer:sec:0001682852,0001682852,"Moderna, Inc.",MRNA,2023-08-01,2026-07-22,yfinance,MRNA,386,2025-01-02,2026-07-20,67d4be2313a871c6e4db58181237e5db45585e66fac233334e1a9890a07f3bad,,1b4ef626edd7a66e2754fca402479d05cb30ab6335bca70cf78aadf595fb63e2,accepted,,2026-07-21,https://data.sec.gov/submissions/CIK0001682852.json,https://query1.finance.yahoo.com/v8/finance/chart/MRNA
MRSH,aios:bounded:sp500:mmc,aios:issuer:sec:0000062709,0000062709,"MARSH & MCLENNAN COMPANIES, INC.",MRSH,2026-01-14,2026-07-22,yfinance,MRSH,128,2026-01-14,2026-07-20,333d9136879bbd4455ac62a3aaf90a8a3302297a2f6b8732642a4aa58ec22a3b,,b2d089a9453219d979a556358f7db9065c0bb91be98ca8eec94d5ffb1433e49a,accepted,,2026-07-21,https://data.sec.gov/submissions/CIK0000062709.json,https://query1.finance.yahoo.com/v8/finance/chart/MRSH
MRVL,aios:bounded:sp500:mrvl,aios:issuer:sec:0001835632,0001835632,"Marvell Technology, Inc.",MRVL,2026-06-22,2026-07-22,yfinance,MRVL,20,2026-06-22,2026-07-20,c0825572452ef159155231db3a00b197f5a34989f639dc4a16ab8de5dc8e1798,,0f081a8998879f9efd4fc878cf4fa3cca6f6af39943fecb8f533bf1a7820a935,accepted,,2026-07-21,https://data.sec.gov/submissions/CIK0001835632.json,https://query1.finance.yahoo.com/v8/finance/chart/MRVL
MS,aios:bounded:sp500:ms,aios:issuer:sec:0000895421,0000895421,MORGAN STANLEY,MS,2023-08-01,2026-07-22,yfinance,MS,386,2025-01-02,2026-07-20,f875d48b2cf0a4951bbacce98ba9a5e7188380d25a34e0e43b618f162bd2abac,https://data.sec.gov/submissions/CIK0000895421-submissions-005.json,dddcfc4c4d7df22747195b0001aa8d03b15958f8d62532be23bd523a8b7f5811,accepted,,2026-07-21,https://data.sec.gov/submissions/CIK0000895421.json,https://query1.finance.yahoo.com/v8/finance/chart/MS
MSCI,aios:bounded:sp500:msci,aios:issuer:sec:0001408198,0001408198,MSCI Inc.,MSCI,2023-08-01,2026-07-22,yfinance,MSCI,386,2025-01-02,2026-07-20,35ad584a9669c01ba0c23fa0350a9cf4be1ed59a0e0cb03d5d428f04755ab44a,,0e8dc482787b67773eb08194e225081a238b03dc8f485ff7a82a4edce62e6ec2,accepted,,2026-07-21,https://data.sec.gov/submissions/CIK0001408198.json,https://query1.finance.yahoo.com/v8/finance/chart/MSCI
MSFT,aios:bounded:sp500:msft,aios:issuer:sec:0000789019,0000789019,MICROSOFT CORP,MSFT,2023-08-01,2026-07-22,yfinance,MSFT,386,2025-01-02,2026-07-20,9bd506239df4422f07c7d815c73e3d733c9485e0dc8c6864e1c1887c74a6c7c7,,2ed0f26174df021c5e2eeb36a39a02ddfb7184012c009b57b65708e5d047b091,accepted,,2026-07-21,https://data.sec.gov/submissions/CIK0000789019.json,https://query1.finance.yahoo.com/v8/finance/chart/MSFT
MSI,aios:bounded:sp500:msi,aios:issuer:sec:0000068505,0000068505,"Motorola Solutions, Inc.",MSI,2023-08-01,2026-07-22,yfinance,MSI,386,2025-01-02,2026-07-20,e435055a83f6c150bbfe2f7b733dbd72dc42d2f13b1d04e0103f29998fe5bc0d,,bce08f4860f5398feaa506f46e581b25e340b54d1fe9b479d9443fa182705265,accepted,,2026-07-21,https://data.sec.gov/submissions/CIK0000068505.json,https://query1.finance.yahoo.com/v8/finance/chart/MSI
MTB,aios:bounded:sp500:mtb,aios:issuer:sec:0000036270,0000036270,M&T BANK CORP,MTB,2023-08-01,2026-07-22,yfinance,MTB,386,2025-01-02,2026-07-20,a632a9b8381d4f47ba8a47da934787eb86bbe8551c061f91b98b3567edb5b119,,139ed474bd2fc6651cce1dd2ab6033cee1c7804533cc796d982cdad82d92bb80,accepted,,2026-07-21,https://data.sec.gov/submissions/CIK0000036270.json,https://query1.finance.yahoo.com/v8/finance/chart/MTB
MTD,aios:bounded:sp500:mtd,aios:issuer:sec:0001037646,0001037646,METTLER TOLEDO INTERNATIONAL INC/,MTD,2023-08-01,2026-07-22,yfinance,MTD,386,2025-01-02,2026-07-20,882356211c23a35dd2732747f60341815b3b8b0d78ea765224d604eaa889321c,,fb5aa8517e18cb60291a58d8fb7cf0caaafedb329b02a5f19496302a73534000,accepted,,2026-07-21,https://data.sec.gov/submissions/CIK0001037646.json,https://query1.finance.yahoo.com/v8/finance/chart/MTD
MU,aios:bounded:sp500:mu,aios:issuer:sec:0000723125,0000723125,MICRON TECHNOLOGY INC,MU,2023-08-01,2026-07-22,yfinance,MU,386,2025-01-02,2026-07-20,b51418ef722e81dae3c74573c0f1433656bfe6d9a3d1d7cb32101ff5a2d8cada,,de979c08369ec2da115d21f4eede8dd0c83c6931be8a2ffe6831fa507bd01128,accepted,,2026-07-21,https://data.sec.gov/submissions/CIK0000723125.json,https://query1.finance.yahoo.com/v8/finance/chart/MU
NCLH,aios:bounded:sp500:nclh,aios:issuer:sec:0001513761,0001513761,Norwegian Cruise Line Holdings Ltd.,NCLH,2023-08-01,2026-07-22,yfinance,NCLH,386,2025-01-02,2026-07-20,c90b31189f556fcc265725e076902205b70d2df4ec586f82a62d49a5d350bef4,,2fb1ddca82e530b87fea5bbf79073d032484c799e6bb57df68250576ff95ec1b,accepted,,2026-07-21,https://data.sec.gov/submissions/CIK0001513761.json,https://query1.finance.yahoo.com/v8/finance/chart/NCLH
NDAQ,aios:bounded:sp500:ndaq,aios:issuer:sec:0001120193,0001120193,"NASDAQ, INC.",NDAQ,2023-08-01,2026-07-22,yfinance,NDAQ,386,2025-01-02,2026-07-20,4670fcb3e0720b58b0ed636a9bb57e38ca5fa5a64ada4171b15381a2efbf802f,,44e85306623da138cc711fb1ad97eb574ad4099028558589babaf64f0a1b9471,accepted,,2026-07-21,https://data.sec.gov/submissions/CIK0001120193.json,https://query1.finance.yahoo.com/v8/finance/chart/NDAQ
NDSN,aios:bounded:sp500:ndsn,aios:issuer:sec:0000072331,0000072331,NORDSON CORP,NDSN,2023-08-01,2026-07-22,yfinance,NDSN,386,2025-01-02,2026-07-20,8b76c5a2b40da55b590fb3cfc2bd5e38ed628fbac124548a9242094985ee581c,,aabe42dacb4a1047d0a72acaf972ff36e9992f5e3df34c3c2b7735057d0b4a2d,accepted,,2026-07-21,https://data.sec.gov/submissions/CIK0000072331.json,https://query1.finance.yahoo.com/v8/finance/chart/NDSN
NEE,aios:bounded:sp500:nee,aios:issuer:sec:0000753308,0000753308,NEXTERA ENERGY INC,NEE,2023-08-01,2026-07-22,yfinance,NEE,386,2025-01-02,2026-07-20,65e8b2b8f6435d40a87388326c0e213c6ca329d239ac2582381d1a762110d132,,5f9eb91f2ed37f9cce5e87aa32ab525e005eae8cc505ac890d9213a8d8314377,accepted,,2026-07-21,https://data.sec.gov/submissions/CIK0000753308.json,https://query1.finance.yahoo.com/v8/finance/chart/NEE
NEM,aios:bounded:sp500:nem,aios:issuer:sec:0001164727,0001164727,NEWMONT Corp /DE/,NEM,2023-08-01,2026-07-22,yfinance,NEM,386,2025-01-02,2026-07-20,1b392d0f5590e39fa887781d474a112fc004e5d6d3997e34e37780cad01b03c8,,f572ff9b3a37e75124376bcc44787f37b924551b100c3a27e441af8baf843d38,accepted,,2026-07-21,https://data.sec.gov/submissions/CIK0001164727.json,https://query1.finance.yahoo.com/v8/finance/chart/NEM
NFLX,aios:bounded:sp500:nflx,aios:issuer:sec:0001065280,0001065280,NETFLIX INC,NFLX,2023-08-01,2026-07-22,yfinance,NFLX,386,2025-01-02,2026-07-20,71acabddf09453383d831ad2eef097837563669875b653b3101dee0ddcd5ef30,,9e4e439362f8cd8794b2518765822d6e883d7ce51a583ff7cc6642139bc9ca76,accepted,,2026-07-21,https://data.sec.gov/submissions/CIK0001065280.json,https://query1.finance.yahoo.com/v8/finance/chart/NFLX
NI,aios:bounded:sp500:ni,aios:issuer:sec:0001111711,0001111711,NISOURCE INC.,NI,2023-08-01,2026-07-22,yfinance,NI,386,2025-01-02,2026-07-20,c7b95e5ffa3cd6e61cbf25cfb96028f37d12a31eb01a8996e75a117b4c23596d,,ecca9c520392d66ce8f51f4a13d63f2448a55480bad0258c46cabb690ea3412a,accepted,,2026-07-21,https://data.sec.gov/submissions/CIK0001111711.json,https://query1.finance.yahoo.com/v8/finance/chart/NI
NKE,aios:bounded:sp500:nke,aios:issuer:sec:0000320187,0000320187,"NIKE, Inc.",NKE,2023-08-01,2026-07-22,yfinance,NKE,386,2025-01-02,2026-07-20,186b9394fd6b10482627ea20e72b0e9e0ae90c438a280f9f6ebead75f7003e2f,,c83264b6f3a44b1e5ef3319fb1a9d60326f368c36e0ea3fecf13c7b96cd2a161,accepted,,2026-07-21,https://data.sec.gov/submissions/CIK0000320187.json,https://query1.finance.yahoo.com/v8/finance/chart/NKE
NOC,aios:bounded:sp500:noc,aios:issuer:sec:0001133421,0001133421,NORTHROP GRUMMAN CORP /DE/,NOC,2023-08-01,2026-07-22,yfinance,NOC,386,2025-01-02,2026-07-20,52607cf6ec5fc6e4402e2786110369a4ae9234cfeaea7c7b3314bfece69e7c6c,,25f8d5ff2617e1b747094d13418b54eaa76211a112d46f37277417bbf50e2f08,accepted,,2026-07-21,https://data.sec.gov/submissions/CIK0001133421.json,https://query1.finance.yahoo.com/v8/finance/chart/NOC
NOW,aios:bounded:sp500:now,aios:issuer:sec:0001373715,0001373715,"ServiceNow, Inc.",NOW,2023-08-01,2026-07-22,yfinance,NOW,386,2025-01-02,2026-07-20,5172b043c2399dae27d3ba00f4a19dd3dbb5732c28a9475fd65f16ca8aa2b9f1,,759026b792eeec1d283ca554c47ba50db79d84593735e27df64e1e990625b143,accepted,,2026-07-21,https://data.sec.gov/submissions/CIK0001373715.json,https://query1.finance.yahoo.com/v8/finance/chart/NOW
NRG,aios:bounded:sp500:nrg,aios:issuer:sec:0001013871,0001013871,"NRG ENERGY, INC.",NRG,2023-08-01,2026-07-22,yfinance,NRG,386,2025-01-02,2026-07-20,b1f15094456cecdb070c1b3e2ff735c5753480c745af86f87ce86439e57f12af,,309641055d3f5127f7c68ca0917fc5412c28211014e0a5b0b53d45753e622bd5,accepted,,2026-07-21,https://data.sec.gov/submissions/CIK0001013871.json,https://query1.finance.yahoo.com/v8/finance/chart/NRG
NSC,aios:bounded:sp500:nsc,aios:issuer:sec:0000702165,0000702165,NORFOLK SOUTHERN CORP,NSC,2023-08-01,2026-07-22,yfinance,NSC,386,2025-01-02,2026-07-20,ba1b6a3550f4f55a64ea11d8c74f7f71d37077acb28fbbc12a7eb20dfe909eb0,,f147af3d253ccffe4225624962f8adee18a2d4bcda7fb23f05e5b49402dda3c5,accepted,,2026-07-21,https://data.sec.gov/submissions/CIK0000702165.json,https://query1.finance.yahoo.com/v8/finance/chart/NSC
NTAP,aios:bounded:sp500:ntap,aios:issuer:sec:0001002047,0001002047,"NetApp, Inc.",NTAP,2023-08-01,2026-07-22,yfinance,NTAP,386,2025-01-02,2026-07-20,1eaa494cb843a57ec22156a71a09bfccf6e490f0306213b41c53fcad3dfc6414,,4e8e39fb2c5e6f29f767dd58d081f4e2ffb09cbef22f9bc92b68bd67398b1d15,accepted,,2026-07-21,https://data.sec.gov/submissions/CIK0001002047.json,https://query1.finance.yahoo.com/v8/finance/chart/NTAP
NTRS,aios:bounded:sp500:ntrs,aios:issuer:sec:0000073124,0000073124,NORTHERN TRUST CORP,NTRS,2023-08-01,2026-07-22,yfinance,NTRS,386,2025-01-02,2026-07-20,fe2885b60eac12996a1bc1409593944cbc279c9b7899756d29a89ffc74e7fea5,,65f0b4461b1b73b58b512dfdd56b4713bbb0849b3c63cfc2457107a719486d47,accepted,,2026-07-21,https://data.sec.gov/submissions/CIK0000073124.json,https://query1.finance.yahoo.com/v8/finance/chart/NTRS
NUE,aios:bounded:sp500:nue,aios:issuer:sec:0000073309,0000073309,NUCOR CORP,NUE,2023-08-01,2026-07-22,yfinance,NUE,386,2025-01-02,2026-07-20,8f2a5130bcd5ada27f5f780875061e1144a41ab22cbf175b8ecfbaea7cd8246c,,3737f28c30516e4c36f458a24c0cc056b60400689d1379a4717796fe1a732409,accepted,,2026-07-21,https://data.sec.gov/submissions/CIK0000073309.json,https://query1.finance.yahoo.com/v8/finance/chart/NUE
NVDA,aios:bounded:sp500:nvda,aios:issuer:sec:0001045810,0001045810,NVIDIA CORP,NVDA,2023-08-01,2026-07-22,yfinance,NVDA,386,2025-01-02,2026-07-20,5e282cad4d33bcbe2e7f0e10035153423b372318a8486201314e2393bbb06caf,,3b0f15d0f8e89b60afe68be70aad55f52cb8a65720ce95fd3ed5618dba793d1a,accepted,,2026-07-21,https://data.sec.gov/submissions/CIK0001045810.json,https://query1.finance.yahoo.com/v8/finance/chart/NVDA
NVR,aios:bounded:sp500:nvr,aios:issuer:sec:0000906163,0000906163,NVR INC,NVR,2023-08-01,2026-07-22,yfinance,NVR,386,2025-01-02,2026-07-20,a74b57af53b53b76edc9588382ee41e8630ad678060e26fe9f6c27dd73c14b44,,c2beeab8e4f6a54e1e7ab3fff7b760f5384bf2719f4ba9d05b64e461fd32e21f,accepted,,2026-07-21,https://data.sec.gov/submissions/CIK0000906163.json,https://query1.finance.yahoo.com/v8/finance/chart/NVR
NWS,aios:bounded:sp500:nws,aios:issuer:sec:0001564708,0001564708,NEWS CORP,NWS,2023-08-01,2026-07-22,yfinance,NWS,386,2025-01-02,2026-07-20,14b02c8b640ff358879153576381c7cc16673a90151f59d5a74bc347ed312424,,151fa49367c1db54c84ebfa5f920e6d8b6f17820a38a7e710f3156b796b713f8,accepted,,2026-07-21,https://data.sec.gov/submissions/CIK0001564708.json,https://query1.finance.yahoo.com/v8/finance/chart/NWS
NWSA,aios:bounded:sp500:nwsa,aios:issuer:sec:0001564708,0001564708,NEWS CORP,NWSA,2023-08-01,2026-07-22,yfinance,NWSA,386,2025-01-02,2026-07-20,14b02c8b640ff358879153576381c7cc16673a90151f59d5a74bc347ed312424,,dcd2482c2725e723e91ffc2918b55393ce74ef81845b678e417589fe3420366d,accepted,,2026-07-21,https://data.sec.gov/submissions/CIK0001564708.json,https://query1.finance.yahoo.com/v8/finance/chart/NWSA
NXPI,aios:bounded:sp500:nxpi,aios:issuer:sec:0001413447,0001413447,NXP Semiconductors N.V.,NXPI,2023-08-01,2026-07-22,yfinance,NXPI,386,2025-01-02,2026-07-20,80bdfc82d8d204db01a120c53e0cb50d0378519c1e78ab5522b32d7602786e5e,,a20fa843e96e749dd9df6c0e91e236ca2cd417cd0aa3efd9e08ad4a95e310072,accepted,,2026-07-21,https://data.sec.gov/submissions/CIK0001413447.json,https://query1.finance.yahoo.com/v8/finance/chart/NXPI
O,aios:bounded:sp500:o,aios:issuer:sec:0000726728,0000726728,REALTY INCOME CORP,O,2023-08-01,2026-07-22,yfinance,O,386,2025-01-02,2026-07-20,0d00de28de96149b7784c6cafb68699123cb7321cfa1aa8247e80250473b7016,,8e6e183d8dc1c939927306644840a36dc212a3227cfaf293e8b9595b1c130192,accepted,,2026-07-21,https://data.sec.gov/submissions/CIK0000726728.json,https://query1.finance.yahoo.com/v8/finance/chart/O
ODFL,aios:bounded:sp500:odfl,aios:issuer:sec:0000878927,0000878927,"OLD DOMINION FREIGHT LINE, INC.",ODFL,2023-08-01,2026-07-22,yfinance,ODFL,386,2025-01-02,2026-07-20,ce1233690c302b2ca879b7b91accfcf68ddda0d458873364f9c1f4db1b0a5069,,2433ffafbae7833f6c2ffcfd89311216622db57cd80133ddb44efff8bb8f3f11,accepted,,2026-07-21,https://data.sec.gov/submissions/CIK0000878927.json,https://query1.finance.yahoo.com/v8/finance/chart/ODFL
OKE,aios:bounded:sp500:oke,aios:issuer:sec:0001039684,0001039684,ONEOK INC /NEW/,OKE,2023-08-01,2026-07-22,yfinance,OKE,386,2025-01-02,2026-07-20,561e4f9b67baf98796cea6bdeff7087626bfa265d8130cc39c1e27ac295034ff,,20217db37890d99bca3cdc95f0ae51bb2d9d40c67ff5ea525025e0ea88fd1988,accepted,,2026-07-21,https://data.sec.gov/submissions/CIK0001039684.json,https://query1.finance.yahoo.com/v8/finance/chart/OKE
OMC,aios:bounded:sp500:omc,aios:issuer:sec:0000029989,0000029989,OMNICOM GROUP INC.,OMC,2023-08-01,2026-07-22,yfinance,OMC,386,2025-01-02,2026-07-20,04c25840b6199969e84679775fe6825ef42d05ba8e5449c63548184f6c4aa94c,,45ff0a342ced7d76549f0a14b95892792d2f07d0fd86d3d19e6a7d22ec20a2ec,accepted,,2026-07-21,https://data.sec.gov/submissions/CIK0000029989.json,https://query1.finance.yahoo.com/v8/finance/chart/OMC
ON,aios:bounded:sp500:on,aios:issuer:sec:0001097864,0001097864,ON SEMICONDUCTOR CORP,ON,2023-08-01,2026-07-22,yfinance,ON,386,2025-01-02,2026-07-20,610e09959843973a544388cb24896c21164c89765560eec2c575b02ab5f2292d,,6f0a1d9a9d91ac6ca76ba43c5df578ae11ac8fcf29d681b6361b6bd62d76b588,accepted,,2026-07-21,https://data.sec.gov/submissions/CIK0001097864.json,https://query1.finance.yahoo.com/v8/finance/chart/ON
ORCL,aios:bounded:sp500:orcl,aios:issuer:sec:0001341439,0001341439,ORACLE CORP,ORCL,2023-08-01,2026-07-22,yfinance,ORCL,386,2025-01-02,2026-07-20,802ac7b95af648fccd1d4154762e45f730e9b2578885efc40c175be184674e5b,,351b4b4530bda8ac1d55b24ad4bf6dc6eae278f18f7f89f3dfdec583adbe89fa,accepted,,2026-07-21,https://data.sec.gov/submissions/CIK0001341439.json,https://query1.finance.yahoo.com/v8/finance/chart/ORCL
ORLY,aios:bounded:sp500:orly,aios:issuer:sec:0000898173,0000898173,O REILLY AUTOMOTIVE INC,ORLY,2023-08-01,2026-07-22,yfinance,ORLY,386,2025-01-02,2026-07-20,3f7b080c87dd9cbc596a44b48d451717b782793b8d1c4d12cc792d4ad22e7638,,183264d52d2f59674d26472b5948215c66fcfee65e2e0d61aba036a2c0b7cb36,accepted,,2026-07-21,https://data.sec.gov/submissions/CIK0000898173.json,https://query1.finance.yahoo.com/v8/finance/chart/ORLY
OTIS,aios:bounded:sp500:otis,aios:issuer:sec:0001781335,0001781335,Otis Worldwide Corp,OTIS,2023-08-01,2026-07-22,yfinance,OTIS,386,2025-01-02,2026-07-20,9b9cb0cce45e6e7d54b909b26750e7ce24550ae8f02d99a125a616b53b076e1b,,78a052039564534ebc414fa162471300dfeb6f902865424cc065fd29f16e34ee,accepted,,2026-07-21,https://data.sec.gov/submissions/CIK0001781335.json,https://query1.finance.yahoo.com/v8/finance/chart/OTIS
OXY,aios:bounded:sp500:oxy,aios:issuer:sec:0000797468,0000797468,OCCIDENTAL PETROLEUM CORP /DE/,OXY,2023-08-01,2026-07-22,yfinance,OXY,386,2025-01-02,2026-07-20,7ddb1911d244562923b1d3abff028073781e88da497adcc2a46248cfd1ba009d,,2855462da4ba8a1d34b496bf4cd318a074da0eea4723b1ed8b974e706735e28a,accepted,,2026-07-21,https://data.sec.gov/submissions/CIK0000797468.json,https://query1.finance.yahoo.com/v8/finance/chart/OXY
PANW,aios:bounded:sp500:panw,aios:issuer:sec:0001327567,0001327567,Palo Alto Networks Inc,PANW,2023-08-01,2026-07-22,yfinance,PANW,386,2025-01-02,2026-07-20,210330e37f3a81f3c91923ed9de92a5bed4ee934959f104b05b484303ab37fee,,129f1e46a654d0937e54cdb0f9f289428a6540ea59dfbfa2638276cc790fe770,accepted,,2026-07-21,https://data.sec.gov/submissions/CIK0001327567.json,https://query1.finance.yahoo.com/v8/finance/chart/PANW
PAYX,aios:bounded:sp500:payx,aios:issuer:sec:0000723531,0000723531,PAYCHEX INC,PAYX,2023-08-01,2026-07-22,yfinance,PAYX,386,2025-01-02,2026-07-20,cac3cfc3f0296c50919fd48d82ff181173cb081e3780c62db77b80b723466df0,,0d71d6ccb98c85500f23ee7c637e6910d30d6d080880655ff8d1e4df5cc88d40,accepted,,2026-07-21,https://data.sec.gov/submissions/CIK0000723531.json,https://query1.finance.yahoo.com/v8/finance/chart/PAYX
PCAR,aios:bounded:sp500:pcar,aios:issuer:sec:0000075362,0000075362,PACCAR INC,PCAR,2023-08-01,2026-07-22,yfinance,PCAR,386,2025-01-02,2026-07-20,6a3aa35fd30ee2961d64e43de4f294f85e2d9ef00deec17fde91d6eb09a71352,,7bee91e58b25211bb542f357da861b449ec002854f8bcd379be06250699a8f4b,accepted,,2026-07-21,https://data.sec.gov/submissions/CIK0000075362.json,https://query1.finance.yahoo.com/v8/finance/chart/PCAR
PCG,aios:bounded:sp500:pcg,aios:issuer:sec:0001004980,0001004980,PG&E Corp,PCG,2023-08-01,2026-07-22,yfinance,PCG,386,2025-01-02,2026-07-20,775a8ee09931d2d1bba40f8176df69e8745e75774f71ba06959fe55c01af5bfb,,3469ce73a351c5630c697106153ebc73817eb3a2b846470276b243532fb28648,accepted,,2026-07-21,https://data.sec.gov/submissions/CIK0001004980.json,https://query1.finance.yahoo.com/v8/finance/chart/PCG
PEG,aios:bounded:sp500:peg,aios:issuer:sec:0000788784,0000788784,PUBLIC SERVICE ENTERPRISE GROUP INC,PEG,2023-08-01,2026-07-22,yfinance,PEG,386,2025-01-02,2026-07-20,289838a80538929c3bb72e0724ca390f8f24f0298ccd4243434b101cd777de24,,a69de263f81d09b7c53e265cdc95b7f6d819acedd6c917c71ddf1c19c76b4045,accepted,,2026-07-21,https://data.sec.gov/submissions/CIK0000788784.json,https://query1.finance.yahoo.com/v8/finance/chart/PEG
PEP,aios:bounded:sp500:pep,aios:issuer:sec:0000077476,0000077476,PEPSICO INC,PEP,2023-08-01,2026-07-22,yfinance,PEP,386,2025-01-02,2026-07-20,c2488e2a3ccd50f11e910ce9d0854aa534b08bdeb7b420b50382eed8ff186ce0,,93451ba34d8b47f27f3a09017bdc4914ae072eb5bddd974722309ec0fa5e03e8,accepted,,2026-07-21,https://data.sec.gov/submissions/CIK0000077476.json,https://query1.finance.yahoo.com/v8/finance/chart/PEP
PFE,aios:bounded:sp500:pfe,aios:issuer:sec:0000078003,0000078003,PFIZER INC,PFE,2023-08-01,2026-07-22,yfinance,PFE,386,2025-01-02,2026-07-20,704555fc3c7b98c8dc2630d990e4412eeac007e67824518d0d600db478412886,,e86b2bd21ff2b4686ce395f86be5c751aaa5637d08d1de671b25b6247d6107ba,accepted,,2026-07-21,https://data.sec.gov/submissions/CIK0000078003.json,https://query1.finance.yahoo.com/v8/finance/chart/PFE
PFG,aios:bounded:sp500:pfg,aios:issuer:sec:0001126328,0001126328,PRINCIPAL FINANCIAL GROUP INC,PFG,2023-08-01,2026-07-22,yfinance,PFG,386,2025-01-02,2026-07-20,5a6c5b5dcc373064e720a90310c6a8906eb1c9a17ba9aba06d6b2a6612b8c952,,8d63dbb36649a03b9fb0c6924ed136f5ffdf504d978d616ee5f72836344ffe1e,accepted,,2026-07-21,https://data.sec.gov/submissions/CIK0001126328.json,https://query1.finance.yahoo.com/v8/finance/chart/PFG
PG,aios:bounded:sp500:pg,aios:issuer:sec:0000080424,0000080424,PROCTER & GAMBLE Co,PG,2023-08-01,2026-07-22,yfinance,PG,386,2025-01-02,2026-07-20,c1d381d74264a13e74651236621e7cd73ab34a9ada6cbe8110aa51f32e0d9cc6,,91cd5b17da24449cc0d797eb84b8ac51024519b68269d34c962b998fef769548,accepted,,2026-07-21,https://data.sec.gov/submissions/CIK0000080424.json,https://query1.finance.yahoo.com/v8/finance/chart/PG
PGR,aios:bounded:sp500:pgr,aios:issuer:sec:0000080661,0000080661,PROGRESSIVE CORP/OH/,PGR,2023-08-01,2026-07-22,yfinance,PGR,386,2025-01-02,2026-07-20,ead089be1f4c6cbd000af8c5c5886c30c601da1b4bd04e7202d1cf7ca8c0365d,,48f8692cd7e6eb79b8b2133343ee0a44c71065cc0d7f2172bc0a7470e2a9a4f2,accepted,,2026-07-21,https://data.sec.gov/submissions/CIK0000080661.json,https://query1.finance.yahoo.com/v8/finance/chart/PGR
PH,aios:bounded:sp500:ph,aios:issuer:sec:0000076334,0000076334,Parker-Hannifin Corp,PH,2023-08-01,2026-07-22,yfinance,PH,386,2025-01-02,2026-07-20,d0d4f6ef9463a8a6b3eeb47aa6fa97c498967c7ecdf860f71dde18fcdac41f19,,05ddf976328d187e996ccca260e343a19bbdfe65ce1d8be2d13521afcbf562a9,accepted,,2026-07-21,https://data.sec.gov/submissions/CIK0000076334.json,https://query1.finance.yahoo.com/v8/finance/chart/PH
PHM,aios:bounded:sp500:phm,aios:issuer:sec:0000822416,0000822416,PULTEGROUP INC/MI/,PHM,2023-08-01,2026-07-22,yfinance,PHM,386,2025-01-02,2026-07-20,f12cea5041801fb732e3ad8d1e238cf6b2bfdebf853ba528043b98a9ceb4d226,,72492cc92a7d6756a434025face3a66fd774d0f10515d9c13197c7ac8de9cbd4,accepted,,2026-07-21,https://data.sec.gov/submissions/CIK0000822416.json,https://query1.finance.yahoo.com/v8/finance/chart/PHM
PKG,aios:bounded:sp500:pkg,aios:issuer:sec:0000075677,0000075677,PACKAGING CORP OF AMERICA,PKG,2023-08-01,2026-07-22,yfinance,PKG,386,2025-01-02,2026-07-20,4963ba321f054faffab998d5f66ab5e88a42d2c162229c21cdc826bde5720656,,920b051f2c1338eb14f68162690e425e6f63d5d09cd2a0dc15cda4adf8e2497d,accepted,,2026-07-21,https://data.sec.gov/submissions/CIK0000075677.json,https://query1.finance.yahoo.com/v8/finance/chart/PKG
PLD,aios:bounded:sp500:pld,aios:issuer:sec:0001045609,0001045609,"Prologis, Inc.",PLD,2023-08-01,2026-07-22,yfinance,PLD,386,2025-01-02,2026-07-20,edff63efb5f1b5588ebf315c6be386c70a09a523bf401b9cb4f099b4d1ea8344,,11a457313c0d59257244d6a7bf88f93e7cd49f78e7e9074cbe423c1f3713991c,accepted,,2026-07-21,https://data.sec.gov/submissions/CIK0001045609.json,https://query1.finance.yahoo.com/v8/finance/chart/PLD
PLTR,aios:bounded:sp500:pltr,aios:issuer:sec:0001321655,0001321655,Palantir Technologies Inc.,PLTR,2024-09-23,2026-07-22,yfinance,PLTR,386,2025-01-02,2026-07-20,d9cf6107af1d394ed9c83c900030509b170e648975813b13d0fca3ba3b713c7e,,fc7a157c297846c3de768c695149cec5963ae4c7cece0d7ba69211da84ef3a4b,accepted,,2026-07-21,https://data.sec.gov/submissions/CIK0001321655.json,https://query1.finance.yahoo.com/v8/finance/chart/PLTR
PM,aios:bounded:sp500:pm,aios:issuer:sec:0001413329,0001413329,Philip Morris International Inc.,PM,2023-08-01,2026-07-22,yfinance,PM,386,2025-01-02,2026-07-20,3c9ea732fe55b5df17be556cdfcecaf1d9e9fbabd0bf766b135581b1fa34d739,,b9d7aa20f4f2610713907404d0822a73ba25a5c2dc07baaf25faf7943c74b3fa,accepted,,2026-07-21,https://data.sec.gov/submissions/CIK0001413329.json,https://query1.finance.yahoo.com/v8/finance/chart/PM
PNC,aios:bounded:sp500:pnc,aios:issuer:sec:0000713676,0000713676,"PNC FINANCIAL SERVICES GROUP, INC.",PNC,2023-08-01,2026-07-22,yfinance,PNC,386,2025-01-02,2026-07-20,3dec9e0b3ba987fbef3413589fbe14d36a8a09d3b9a6b5b63c6834c3ed6766e8,,fb25dbfb18c27c972f040f179859721756f6aec70e0ea3317199f9e83a28a5bf,accepted,,2026-07-21,https://data.sec.gov/submissions/CIK0000713676.json,https://query1.finance.yahoo.com/v8/finance/chart/PNC
PNR,aios:bounded:sp500:pnr,aios:issuer:sec:0000077360,0000077360,PENTAIR plc,PNR,2023-08-01,2026-07-22,yfinance,PNR,386,2025-01-02,2026-07-20,76948e9b8549213c83b98c8255bc23c865a31228d8df7ad8d5712849da381965,,974693e6ff9219b18ad7e43aa84eb4156f1fbc491d47ef7f3c01af3dbe34c627,accepted,,2026-07-21,https://data.sec.gov/submissions/CIK0000077360.json,https://query1.finance.yahoo.com/v8/finance/chart/PNR
PNW,aios:bounded:sp500:pnw,aios:issuer:sec:0000764622,0000764622,PINNACLE WEST CAPITAL CORP,PNW,2023-08-01,2026-07-22,yfinance,PNW,386,2025-01-02,2026-07-20,a84e884e52229ba3beadf8e077cdf02187fce6a2406aedb03e37439696d624f7,,8492df64b1f8fde29d28af0caf6f4ed139e7f08a7b65e4b3a9cbc58f3e39fb1e,accepted,,2026-07-21,https://data.sec.gov/submissions/CIK0000764622.json,https://query1.finance.yahoo.com/v8/finance/chart/PNW
PODD,aios:bounded:sp500:podd,aios:issuer:sec:0001145197,0001145197,INSULET CORP,PODD,2023-08-01,2026-07-22,yfinance,PODD,386,2025-01-02,2026-07-20,c191071c19f7a2a7ca6e0a1a5c83301aefd56301d4b2e1b2877e505f7b5ba2ba,,bb800badd267006e7b21385ce13c7b5cb5daa65a6211d4ff63a7d0a318ae459b,accepted,,2026-07-21,https://data.sec.gov/submissions/CIK0001145197.json,https://query1.finance.yahoo.com/v8/finance/chart/PODD
PPG,aios:bounded:sp500:ppg,aios:issuer:sec:0000079879,0000079879,PPG INDUSTRIES INC,PPG,2023-08-01,2026-07-22,yfinance,PPG,386,2025-01-02,2026-07-20,fcbc8bb5e0d78db38f6938d067bf59ed36d184bf076e14d19f84d52d51fac9d7,,d8dfaa8bda6cd7a4434d200376c809af27b341d04afe2fa4c5ad75f1530b4e99,accepted,,2026-07-21,https://data.sec.gov/submissions/CIK0000079879.json,https://query1.finance.yahoo.com/v8/finance/chart/PPG
PPL,aios:bounded:sp500:ppl,aios:issuer:sec:0000922224,0000922224,PPL Corp,PPL,2023-08-01,2026-07-22,yfinance,PPL,386,2025-01-02,2026-07-20,6cf48caabad639a69c2cc4632a7aa265538d8bbac3f2464af7541bd0ffc1a353,,48b80cc821550bb64e391d0b196c0013a8eb51b34e28b4f6bbcd1234c6a70d67,accepted,,2026-07-21,https://data.sec.gov/submissions/CIK0000922224.json,https://query1.finance.yahoo.com/v8/finance/chart/PPL
PRU,aios:bounded:sp500:pru,aios:issuer:sec:0001137774,0001137774,PRUDENTIAL FINANCIAL INC,PRU,2023-08-01,2026-07-22,yfinance,PRU,386,2025-01-02,2026-07-20,695db58f3c7062f7469978184046b3719769df89fbe1dd68dcb954d30c63152a,,27b36d7591e4bb8ea503f04dec07b8ed0741172725e40179134256d2018e5379,accepted,,2026-07-21,https://data.sec.gov/submissions/CIK0001137774.json,https://query1.finance.yahoo.com/v8/finance/chart/PRU
PSA,aios:bounded:sp500:psa,aios:issuer:sec:0001393311,0001393311,Public Storage,PSA,2023-08-01,2026-07-22,yfinance,PSA,386,2025-01-02,2026-07-20,7784d38cbb5dee269f61340cac64196576d806c35edc0f7cc554a0ed6ed029e1,,1b13cc3798c26b67c18b0c8aa9fe2b8ae6dfa54d5c72b0bc26a5523be552672a,accepted,,2026-07-21,https://data.sec.gov/submissions/CIK0001393311.json,https://query1.finance.yahoo.com/v8/finance/chart/PSA
PSKY,aios:bounded:sp500:psky,aios:issuer:sec:0002041610,0002041610,Paramount Skydance Corp,PSKY,2025-08-07,2026-07-22,yfinance,PSKY,238,2025-08-07,2026-07-20,080eb32edbd6c0422903d88bc09b03a41eff875ce3bcb0d9c2352802fe76c32f,,2d3170ab3ac47112e4dbbb5c338ad36c0654e1802d5a2e48065726b8c0f1dcab,accepted,,2026-07-21,https://data.sec.gov/submissions/CIK0002041610.json,https://query1.finance.yahoo.com/v8/finance/chart/PSKY
PSX,aios:bounded:sp500:psx,aios:issuer:sec:0001534701,0001534701,Phillips 66,PSX,2023-08-01,2026-07-22,yfinance,PSX,386,2025-01-02,2026-07-20,65186715670390484d0afa8ed1deea06396c825503921cc2e009aa9467fa23c9,,da421a870c4961e132e571aa676f8f33dcfad557876b22949291fb7784565919,accepted,,2026-07-21,https://data.sec.gov/submissions/CIK0001534701.json,https://query1.finance.yahoo.com/v8/finance/chart/PSX
PTC,aios:bounded:sp500:ptc,aios:issuer:sec:0000857005,0000857005,PTC INC.,PTC,2023-08-01,2026-07-22,yfinance,PTC,386,2025-01-02,2026-07-20,d798421a63046d06e6307af08ea217f6f9a6d14e6f319c97fcaeb1c95e13cae1,,0510f7070e7742cd5bfbaccbe7d8af4bd5b3debbfa1b9e511d1a1b7d358df8d1,accepted,,2026-07-21,https://data.sec.gov/submissions/CIK0000857005.json,https://query1.finance.yahoo.com/v8/finance/chart/PTC
PWR,aios:bounded:sp500:pwr,aios:issuer:sec:0001050915,0001050915,"QUANTA SERVICES, INC.",PWR,2023-08-01,2026-07-22,yfinance,PWR,386,2025-01-02,2026-07-20,2ff5ed16ea5d3b4c693f351ff7dda98016c81e096afb9e3dec16315cf5925af9,,1f871d3e1bec5af84beb48af26396c5b695da59660a5d4cca820bb4165802ae4,accepted,,2026-07-21,https://data.sec.gov/submissions/CIK0001050915.json,https://query1.finance.yahoo.com/v8/finance/chart/PWR
PYPL,aios:bounded:sp500:pypl,aios:issuer:sec:0001633917,0001633917,"PayPal Holdings, Inc.",PYPL,2023-08-01,2026-07-22,yfinance,PYPL,386,2025-01-02,2026-07-20,f8b2a4cab00cd9cb6082306ba0fa1632b89e6e3bec919890715298109cd68c05,,a6abeecfb461a3ee85b52c646a581ac87c343f07d7b0f1ab38c81e6c6b5e302b,accepted,,2026-07-21,https://data.sec.gov/submissions/CIK0001633917.json,https://query1.finance.yahoo.com/v8/finance/chart/PYPL
Q,aios:bounded:sp500:q,aios:issuer:sec:0002058873,0002058873,"Qnity Electronics, Inc.",Q,2025-11-03,2026-07-22,yfinance,Q,177,2025-11-03,2026-07-20,2f9da1e71816d5912c05fdc00f405a78a987d17f28541d1bdbe0b8ea032aba7f,,3b5804499213fde03bea90f3284c33b0cb4d0321807c54ca5b10d5faf6c23c10,accepted,,2026-07-21,https://data.sec.gov/submissions/CIK0002058873.json,https://query1.finance.yahoo.com/v8/finance/chart/Q
QCOM,aios:bounded:sp500:qcom,aios:issuer:sec:0000804328,0000804328,QUALCOMM INC/DE,QCOM,2023-08-01,2026-07-22,yfinance,QCOM,386,2025-01-02,2026-07-20,680121fd473d178c127a312574890c77237e7dcb8f5bf9bbf9dbad36d219d353,,7ca6d9882361d9fdb534d39c4bc2ff4e0e28414c05d8617bce38cd0cc4ea9bd2,accepted,,2026-07-21,https://data.sec.gov/submissions/CIK0000804328.json,https://query1.finance.yahoo.com/v8/finance/chart/QCOM
RCL,aios:bounded:sp500:rcl,aios:issuer:sec:0000884887,0000884887,ROYAL CARIBBEAN CRUISES LTD,RCL,2023-08-01,2026-07-22,yfinance,RCL,386,2025-01-02,2026-07-20,21e4424d1d74a2b3720a7360b4c171d10c4a39b4f1286e65fcd3d544d490c400,,3f2f996a05e0c2543f5720e74ccc8c709df1b99a25001a0642a4fae2a3f81636,accepted,,2026-07-21,https://data.sec.gov/submissions/CIK0000884887.json,https://query1.finance.yahoo.com/v8/finance/chart/RCL
REG,aios:bounded:sp500:reg,aios:issuer:sec:0000910606,0000910606,REGENCY CENTERS CORP,REG,2023-08-01,2026-07-22,yfinance,REG,386,2025-01-02,2026-07-20,05f3f3be760202e0a5acc6ed24d03366d59d63ab8bef06d612f0b96336b03b69,,cc098e6f726f351e5f84473f351c522d239a551fdc85bebce1ffbe7a4c879b93,accepted,,2026-07-21,https://data.sec.gov/submissions/CIK0000910606.json,https://query1.finance.yahoo.com/v8/finance/chart/REG
REGN,aios:bounded:sp500:regn,aios:issuer:sec:0000872589,0000872589,"REGENERON PHARMACEUTICALS, INC.",REGN,2023-08-01,2026-07-22,yfinance,REGN,386,2025-01-02,2026-07-20,b8cc946abb4ee756d9e51c9d1c921e962454b03789d5d7021e835e54e23f12fa,,c895453ae0d47c2ed84475cdece484118237816eca56824dcb5d386c3da5ebc3,accepted,,2026-07-21,https://data.sec.gov/submissions/CIK0000872589.json,https://query1.finance.yahoo.com/v8/finance/chart/REGN
RF,aios:bounded:sp500:rf,aios:issuer:sec:0001281761,0001281761,REGIONS FINANCIAL CORP,RF,2023-08-01,2026-07-22,yfinance,RF,386,2025-01-02,2026-07-20,f1667e7e15e5c4d1b0be98bd32789106a6f7ccdc6b6d698730561bbee573b448,,8e334e57cdc3185f2c2fdb2c58bf098d7db29122de991d43b3c7722244934471,accepted,,2026-07-21,https://data.sec.gov/submissions/CIK0001281761.json,https://query1.finance.yahoo.com/v8/finance/chart/RF
RJF,aios:bounded:sp500:rjf,aios:issuer:sec:0000720005,0000720005,RAYMOND JAMES FINANCIAL INC,RJF,2023-08-01,2026-07-22,yfinance,RJF,386,2025-01-02,2026-07-20,a35cc71efc81ea2cf9ef3c8da5d64442a623038e6e079cb37914d7becab5cc6c,,baf84b9d0ebc1f403b818717c30431d0c654d46acf2c902ffbd2312f4d322572,accepted,,2026-07-21,https://data.sec.gov/submissions/CIK0000720005.json,https://query1.finance.yahoo.com/v8/finance/chart/RJF
RL,aios:bounded:sp500:rl,aios:issuer:sec:0001037038,0001037038,RALPH LAUREN CORP,RL,2023-08-01,2026-07-22,yfinance,RL,386,2025-01-02,2026-07-20,127d0c65ae7d634f89afb57f033fe9e6266a4ead8539697d794b8cea39c3f9c0,,1c47029a10091bf6b8aac162a2923b71cff90b2e42c239d07b48f28554d5b68f,accepted,,2026-07-21,https://data.sec.gov/submissions/CIK0001037038.json,https://query1.finance.yahoo.com/v8/finance/chart/RL
RMD,aios:bounded:sp500:rmd,aios:issuer:sec:0000943819,0000943819,RESMED INC,RMD,2023-08-01,2026-07-22,yfinance,RMD,386,2025-01-02,2026-07-20,e4aae4b53f3a62779715f6c9d932730c415fafe3f25aca7cf4675e8d0a129b9d,,c1ae914e02c4c1cf5d4666f05e3eef697e9f2ea751a22845b643238cdc2e4812,accepted,,2026-07-21,https://data.sec.gov/submissions/CIK0000943819.json,https://query1.finance.yahoo.com/v8/finance/chart/RMD
ROK,aios:bounded:sp500:rok,aios:issuer:sec:0001024478,0001024478,"ROCKWELL AUTOMATION, INC",ROK,2023-08-01,2026-07-22,yfinance,ROK,386,2025-01-02,2026-07-20,44de9c2a9c661efb8df95c6f2bdf4379caa9a72693cbce06f4fbf300e75893c4,,2f4e2ac7d17bd0e3e4990b587b2a94dfe47787e3c7ad3bcb440cddd41ee13542,accepted,,2026-07-21,https://data.sec.gov/submissions/CIK0001024478.json,https://query1.finance.yahoo.com/v8/finance/chart/ROK
ROL,aios:bounded:sp500:rol,aios:issuer:sec:0000084839,0000084839,ROLLINS INC,ROL,2023-08-01,2026-07-22,yfinance,ROL,386,2025-01-02,2026-07-20,339c47e8a8c4dc1543ee039089423e3fab45aa2765eefc3053b096dfac238b64,,dc159d1a227e3f9f2e0cc4f88bfc771c6bd12765696ccebb09324fcfe533cb03,accepted,,2026-07-21,https://data.sec.gov/submissions/CIK0000084839.json,https://query1.finance.yahoo.com/v8/finance/chart/ROL
ROP,aios:bounded:sp500:rop,aios:issuer:sec:0000882835,0000882835,ROPER TECHNOLOGIES INC,ROP,2023-08-01,2026-07-22,yfinance,ROP,386,2025-01-02,2026-07-20,d3ef125aaa901200839279a7065ea8eb5b8b7ef622b27b261a7cc9328ca61e5e,,fcaf3962937260953353f16997be80d669c87b43c445ea9855f2a97bbb129cd3,accepted,,2026-07-21,https://data.sec.gov/submissions/CIK0000882835.json,https://query1.finance.yahoo.com/v8/finance/chart/ROP
ROST,aios:bounded:sp500:rost,aios:issuer:sec:0000745732,0000745732,"ROSS STORES, INC.",ROST,2023-08-01,2026-07-22,yfinance,ROST,386,2025-01-02,2026-07-20,c74b10abeb15a2519ce8425e20866c61ed8db7daa348723d450a6989c284ad3d,,b8edaf81f370a64a251c22e333afac5c241873d4e76eaa4ed4310ad7234dfff7,accepted,,2026-07-21,https://data.sec.gov/submissions/CIK0000745732.json,https://query1.finance.yahoo.com/v8/finance/chart/ROST
RSG,aios:bounded:sp500:rsg,aios:issuer:sec:0001060391,0001060391,"REPUBLIC SERVICES, INC.",RSG,2023-08-01,2026-07-22,yfinance,RSG,386,2025-01-02,2026-07-20,f4ca18d3c2efbf0902922fa35a66a20378033d44dbef2f1dd1a2deba84868d41,,641bf8968e598146c99c479491bbb6f60e3841a1c4c701a34ef029744e0c8d4e,accepted,,2026-07-21,https://data.sec.gov/submissions/CIK0001060391.json,https://query1.finance.yahoo.com/v8/finance/chart/RSG
RTX,aios:bounded:sp500:rtx,aios:issuer:sec:0000101829,0000101829,RTX Corp,RTX,2023-08-01,2026-07-22,yfinance,RTX,386,2025-01-02,2026-07-20,f303984de498cdfefbe098e5982b1319566e391fb8dd40320e4ead31ba5768a9,,1a266c6accf09f49d4bf095e75ada40e23c0cbbe13faaf89706eae201eec1cef,accepted,,2026-07-21,https://data.sec.gov/submissions/CIK0000101829.json,https://query1.finance.yahoo.com/v8/finance/chart/RTX
RVTY,aios:bounded:sp500:rvty,aios:issuer:sec:0000031791,0000031791,"REVVITY, INC.",RVTY,2023-08-01,2026-07-22,yfinance,RVTY,386,2025-01-02,2026-07-20,cdde2b52ce50e9a577a281daae371a4ff2b40b80b2cb32bb3505b57b4a3307f5,,b5498c2ab1b62987a00af28f326ce0d1f80ecdd98d9aff7b4a450f30059971fe,accepted,,2026-07-21,https://data.sec.gov/submissions/CIK0000031791.json,https://query1.finance.yahoo.com/v8/finance/chart/RVTY
SBAC,aios:bounded:sp500:sbac,aios:issuer:sec:0001034054,0001034054,SBA COMMUNICATIONS CORP,SBAC,2023-08-01,2026-07-22,yfinance,SBAC,386,2025-01-02,2026-07-20,fb8723235e634eda09c6866580ca43ae74a7d623b710d9812ef07f067035ac7a,,7c2984e3fe121c934df5861186202bf759db1b49a9d4bad7a9db0bcb7fb5227b,accepted,,2026-07-21,https://data.sec.gov/submissions/CIK0001034054.json,https://query1.finance.yahoo.com/v8/finance/chart/SBAC
SBUX,aios:bounded:sp500:sbux,aios:issuer:sec:0000829224,0000829224,STARBUCKS CORP,SBUX,2023-08-01,2026-07-22,yfinance,SBUX,386,2025-01-02,2026-07-20,b7149bef6c5992e2ff4ef7f348a7e4c6f9b07f2daa623a242534ddb4030e659f,,b5629f53a1299f563454ae940436e16e9a44af8beb2a18d938d8f1b118ea5739,accepted,,2026-07-21,https://data.sec.gov/submissions/CIK0000829224.json,https://query1.finance.yahoo.com/v8/finance/chart/SBUX
SCHW,aios:bounded:sp500:schw,aios:issuer:sec:0000316709,0000316709,SCHWAB CHARLES CORP,SCHW,2023-08-01,2026-07-22,yfinance,SCHW,386,2025-01-02,2026-07-20,e6b6ef0a0decdc458a62b594ed78fda75e6aa787ea2ede30ef95b1f1837f3885,,f0bae0a1394edca1748b5a8eb6b3e4df5f978d0131cc71c1fd846f50ce71cb47,accepted,,2026-07-21,https://data.sec.gov/submissions/CIK0000316709.json,https://query1.finance.yahoo.com/v8/finance/chart/SCHW
SHW,aios:bounded:sp500:shw,aios:issuer:sec:0000089800,0000089800,SHERWIN WILLIAMS CO,SHW,2023-08-01,2026-07-22,yfinance,SHW,386,2025-01-02,2026-07-20,874485ffcf89ae96707fb43ae5cd59d65af9ad97b93bfe5f0f2cd446654fa049,,90f5ab64568efe94db9dcf542ee20940194a4306130dab1b733f5edcfdb89adb,accepted,,2026-07-21,https://data.sec.gov/submissions/CIK0000089800.json,https://query1.finance.yahoo.com/v8/finance/chart/SHW
SJM,aios:bounded:sp500:sjm,aios:issuer:sec:0000091419,0000091419,J M SMUCKER Co,SJM,2023-08-01,2026-07-22,yfinance,SJM,386,2025-01-02,2026-07-20,02d0036201d777da509f1ff6af9ff0139367fefa2a01803bc5a9863071968799,,170da5f5e4bbb9a397ac9a55d9385716b45297daaf9ecb5339e2738ff690a169,accepted,,2026-07-21,https://data.sec.gov/submissions/CIK0000091419.json,https://query1.finance.yahoo.com/v8/finance/chart/SJM
SLB,aios:bounded:sp500:slb,aios:issuer:sec:0000087347,0000087347,SLB LIMITED/NV,SLB,2023-08-01,2026-07-22,yfinance,SLB,386,2025-01-02,2026-07-20,a3d32ca008dcd1ac56e6d319730606fea1990816262b4028f1ac3042ba7e5565,,446ef529226b3f4e25e902d3efa1b0b1590780c4e2507a8a79e1a017581c1aef,accepted,,2026-07-21,https://data.sec.gov/submissions/CIK0000087347.json,https://query1.finance.yahoo.com/v8/finance/chart/SLB
SMCI,aios:bounded:sp500:smci,aios:issuer:sec:0001375365,0001375365,"Super Micro Computer, Inc.",SMCI,2024-03-18,2026-07-22,yfinance,SMCI,386,2025-01-02,2026-07-20,1d958ada709323b17ae01fa8bb3a02b081795584dc7c6b9532b303a1a1b4e9f1,,8ef36846dceaf7ef817d9a9690d2391c0c261d4c4f5bb4f797c8981d0f3d9d1e,accepted,,2026-07-21,https://data.sec.gov/submissions/CIK0001375365.json,https://query1.finance.yahoo.com/v8/finance/chart/SMCI
SNA,aios:bounded:sp500:sna,aios:issuer:sec:0000091440,0000091440,Snap-on Inc,SNA,2023-08-01,2026-07-22,yfinance,SNA,386,2025-01-02,2026-07-20,4127151b726ab0ef2009314a0ca69fe62027ab6d67708be80bf82336530d5988,,2c07553d512c944fe1a6258668a31e4eaf7c34d2d5eb144a057ddf18a46e9116,accepted,,2026-07-21,https://data.sec.gov/submissions/CIK0000091440.json,https://query1.finance.yahoo.com/v8/finance/chart/SNA
SNDK,aios:bounded:sp500:sndk,aios:issuer:sec:0002023554,0002023554,Sandisk Corp,SNDK,2025-11-28,2026-07-22,yfinance,SNDK,159,2025-11-28,2026-07-20,3d5f76f8e253f43c69ee3dfc24f0d1d0e856763b7b3dad2ecfe61b5e7e493f12,,fc76bcfa9f3154e6a692dc8b69838bd1e4ea635a3c44974d1c572bde5f072f4e,accepted,,2026-07-21,https://data.sec.gov/submissions/CIK0002023554.json,https://query1.finance.yahoo.com/v8/finance/chart/SNDK
SNPS,aios:bounded:sp500:snps,aios:issuer:sec:0000883241,0000883241,SYNOPSYS INC,SNPS,2023-08-01,2026-07-22,yfinance,SNPS,386,2025-01-02,2026-07-20,eafe0ab224de758cb43cb46d069fce2027a1660c352e0fe176ae95bafbe19fbe,,12edfaba5cb64a909d5c41f099eafc01ea1dc2b8911836a9441d174f11259ba1,accepted,,2026-07-21,https://data.sec.gov/submissions/CIK0000883241.json,https://query1.finance.yahoo.com/v8/finance/chart/SNPS
SO,aios:bounded:sp500:so,aios:issuer:sec:0000092122,0000092122,SOUTHERN CO,SO,2023-08-01,2026-07-22,yfinance,SO,386,2025-01-02,2026-07-20,ca9d51c25c68590e9614f21494a07681822b4dff7485392ba323316234c8ee41,,94c8844fad0dac79c929ba25dffaa6a54bedaabb3b7bdb75c7bd954e658c0f33,accepted,,2026-07-21,https://data.sec.gov/submissions/CIK0000092122.json,https://query1.finance.yahoo.com/v8/finance/chart/SO
SOLV,aios:bounded:sp500:solv,aios:issuer:sec:0001964738,0001964738,Solventum Corp,SOLV,2024-04-01,2026-07-22,yfinance,SOLV,386,2025-01-02,2026-07-20,2a3b2999665af79bb9de8e4df165cb33d8b6897ae37eda8b374d781e2d59e072,,700ce3045d2169df2f9238ad8de0d0378dae45c0afaeea804c4f9906ad4e36c4,accepted,,2026-07-21,https://data.sec.gov/submissions/CIK0001964738.json,https://query1.finance.yahoo.com/v8/finance/chart/SOLV
SPG,aios:bounded:sp500:spg,aios:issuer:sec:0001063761,0001063761,SIMON PROPERTY GROUP INC.,SPG,2023-08-01,2026-07-22,yfinance,SPG,386,2025-01-02,2026-07-20,aa45aad4091ca64346587eca5fae18452a5244db1ad84b29b09b77d6d4610995,,c4650dd2df95571de8c96c504e902478cbfb623da500d6949ba9d2b161fb4e22,accepted,,2026-07-21,https://data.sec.gov/submissions/CIK0001063761.json,https://query1.finance.yahoo.com/v8/finance/chart/SPG
SPGI,aios:bounded:sp500:spgi,aios:issuer:sec:0000064040,0000064040,S&P Global Inc.,SPGI,2023-08-01,2026-07-22,yfinance,SPGI,386,2025-01-02,2026-07-20,7cf70e9a1bcb8b4547987307c202b6894d2f4478e6220226edbb8f464dfd50cc,,cdcceb45fe34e92e26e5fb4fdc8f37f04aaf3391a5c0d469604ec8fba30db654,accepted,,2026-07-21,https://data.sec.gov/submissions/CIK0000064040.json,https://query1.finance.yahoo.com/v8/finance/chart/SPGI
SRE,aios:bounded:sp500:sre,aios:issuer:sec:0001032208,0001032208,SEMPRA,SRE,2023-08-01,2026-07-22,yfinance,SRE,386,2025-01-02,2026-07-20,080806bf532ba8b10382c9d4cc948badfa80b9d4fa9c465c0e49df1ace232eec,,1949fe296f10e51bb0e4ede1d6714b035f93621346916fb921c9fd878fcc9883,accepted,,2026-07-21,https://data.sec.gov/submissions/CIK0001032208.json,https://query1.finance.yahoo.com/v8/finance/chart/SRE
STE,aios:bounded:sp500:ste,aios:issuer:sec:0001757898,0001757898,STERIS plc,STE,2023-08-01,2026-07-22,yfinance,STE,386,2025-01-02,2026-07-20,dc77aef2932e959babd0f3a1a752f326867e2e852caf0efa46475420d47edb05,,66086bdf4e7f13a1faa6354c56e2e0e4f81be74516b1308cb21b458e9faaf26e,accepted,,2026-07-21,https://data.sec.gov/submissions/CIK0001757898.json,https://query1.finance.yahoo.com/v8/finance/chart/STE
STLD,aios:bounded:sp500:stld,aios:issuer:sec:0001022671,0001022671,STEEL DYNAMICS INC,STLD,2023-08-01,2026-07-22,yfinance,STLD,386,2025-01-02,2026-07-20,570517510bbbffe2fb620db561179bed4c29500c509a666da3e4719f6f83ee5d,,2b2be910135463b599faf9cf18dc2cef91d839e26eb08a196df7f55330cdde9f,accepted,,2026-07-21,https://data.sec.gov/submissions/CIK0001022671.json,https://query1.finance.yahoo.com/v8/finance/chart/STLD
STT,aios:bounded:sp500:stt,aios:issuer:sec:0000093751,0000093751,STATE STREET CORP,STT,2023-08-01,2026-07-22,yfinance,STT,386,2025-01-02,2026-07-20,59b51b0cd77a74c6baf130e8e473b348fec041d3907849b5dc99c56cf46072dc,,986cfe48598918e4146101f05082d733c1681b270df6de7aef45359e508569fd,accepted,,2026-07-21,https://data.sec.gov/submissions/CIK0000093751.json,https://query1.finance.yahoo.com/v8/finance/chart/STT
STX,aios:bounded:sp500:stx,aios:issuer:sec:0001137789,0001137789,Seagate Technology Holdings plc,STX,2023-08-01,2026-07-22,yfinance,STX,386,2025-01-02,2026-07-20,1832f8fdd3a01ac60f9d3ae14392fba29237bd046d9a075f35fbfdcef4ad7562,,c25338e54fe235da446792b6fd62da7d0a229a5ae96766d33b7a46fc3dd40b28,accepted,,2026-07-21,https://data.sec.gov/submissions/CIK0001137789.json,https://query1.finance.yahoo.com/v8/finance/chart/STX
STZ,aios:bounded:sp500:stz,aios:issuer:sec:0000016918,0000016918,"CONSTELLATION BRANDS, INC.",STZ,2023-08-01,2026-07-22,yfinance,STZ,386,2025-01-02,2026-07-20,766a775d6040a980b078bff50a234199ad7ef8ac8a32f6313264c64e7c63fc19,,3a7f10679f006b2f4cf50d27762c0310d174096cc595e193aa601c191583ba87,accepted,,2026-07-21,https://data.sec.gov/submissions/CIK0000016918.json,https://query1.finance.yahoo.com/v8/finance/chart/STZ
SW,aios:bounded:sp500:sw,aios:issuer:sec:0002005951,0002005951,Smurfit Westrock plc,SW,2024-07-08,2026-07-22,yfinance,SW,386,2025-01-02,2026-07-20,ca5e16bc9b7363f9d5e0ed8510a8eeb81653e41bdd4b04c9d21e0daf5b027ed7,,4d5066c20ef7e6db1614f5403ac0137354f323f1e115713ea439d10997153da4,accepted,,2026-07-21,https://data.sec.gov/submissions/CIK0002005951.json,https://query1.finance.yahoo.com/v8/finance/chart/SW
SWK,aios:bounded:sp500:swk,aios:issuer:sec:0000093556,0000093556,"STANLEY BLACK & DECKER, INC.",SWK,2023-08-01,2026-07-22,yfinance,SWK,386,2025-01-02,2026-07-20,ac43b393becddbe4c45568e5c944da2cb93fa7bac481705aa388afda8b655824,,f0a3e691786f0bd34cf8f456f9eac05c9b0d1b3072df3ff06939c98ee17f1077,accepted,,2026-07-21,https://data.sec.gov/submissions/CIK0000093556.json,https://query1.finance.yahoo.com/v8/finance/chart/SWK
SWKS,aios:bounded:sp500:swks,aios:issuer:sec:0000004127,0000004127,"SKYWORKS SOLUTIONS, INC.",SWKS,2023-08-01,2026-07-22,yfinance,SWKS,386,2025-01-02,2026-07-20,862c09387f9874ff362f5f3a1581a26276e8e8bad41db7cc92e39a94583e850a,,6b32e7193279d7e625afbc6884dbde778161b1de443a03fd2630f2a155bea5b0,accepted,,2026-07-21,https://data.sec.gov/submissions/CIK0000004127.json,https://query1.finance.yahoo.com/v8/finance/chart/SWKS
SYF,aios:bounded:sp500:syf,aios:issuer:sec:0001601712,0001601712,Synchrony Financial,SYF,2023-08-01,2026-07-22,yfinance,SYF,386,2025-01-02,2026-07-20,150159a3f4fce2466147e2394f4fbc163b39b0ccd49b6a2593c6682f003da655,,8153a8ef6f7c3099f88b682cc356ba812da69dc3320b56524372d35e5bab1506,accepted,,2026-07-21,https://data.sec.gov/submissions/CIK0001601712.json,https://query1.finance.yahoo.com/v8/finance/chart/SYF
SYK,aios:bounded:sp500:syk,aios:issuer:sec:0000310764,0000310764,STRYKER CORP,SYK,2023-08-01,2026-07-22,yfinance,SYK,386,2025-01-02,2026-07-20,3d53a1900bfba1ba95fdaa4cb0c474baf66b25a62fab15f33ed98439c7e54ef0,,355f3894f3486ca8d0651cd8a0b85b7351b3cbd9c1ed97d8e6f52e5e18f8479c,accepted,,2026-07-21,https://data.sec.gov/submissions/CIK0000310764.json,https://query1.finance.yahoo.com/v8/finance/chart/SYK
SYY,aios:bounded:sp500:syy,aios:issuer:sec:0000096021,0000096021,SYSCO CORP,SYY,2023-08-01,2026-07-22,yfinance,SYY,386,2025-01-02,2026-07-20,10b3337a7eab7ed53cd20260a757cc880e985ae41c97a3e120289aa6e683b67c,,f8b6c3d5e783ab8541b7ecb732d600a5bc8ca3c6ff5cf1d204ee585e00640d9c,accepted,,2026-07-21,https://data.sec.gov/submissions/CIK0000096021.json,https://query1.finance.yahoo.com/v8/finance/chart/SYY
T,aios:bounded:sp500:t,aios:issuer:sec:0000732717,0000732717,AT&T INC.,T,2023-08-01,2026-07-22,yfinance,T,386,2025-01-02,2026-07-20,d90efa1de0085e2d2f8f384daedfdbf71bd09bdfd284fcf7f7f6ff2ee5c6e64c,,cd8a434b0d3b452ad975f0ab8bf9c04635f4d6c3b8868b72d9a709c580017aed,accepted,,2026-07-21,https://data.sec.gov/submissions/CIK0000732717.json,https://query1.finance.yahoo.com/v8/finance/chart/T
TAP,aios:bounded:sp500:tap,aios:issuer:sec:0000024545,0000024545,MOLSON COORS BEVERAGE CO,TAP,2023-08-01,2026-07-22,yfinance,TAP,386,2025-01-02,2026-07-20,204d0f8e9509ee808f09f66c07ca82d32749774427cf5957b83dbe2db3fbbc66,,ea0209f89963e81c92a6e3b480dd51bd651ef51f00ea8871bae9b7aa90bbe890,accepted,,2026-07-21,https://data.sec.gov/submissions/CIK0000024545.json,https://query1.finance.yahoo.com/v8/finance/chart/TAP
TDG,aios:bounded:sp500:tdg,aios:issuer:sec:0001260221,0001260221,TransDigm Group INC,TDG,2023-08-01,2026-07-22,yfinance,TDG,386,2025-01-02,2026-07-20,bf84aa8c4228da4d77c1491024154f4e1bacabb8fefee04c49017c15fab74406,,b7bc53ac52987024dfe8f6b984ba02e69f27d6d7a389ff94ffb3230b191c1c4c,accepted,,2026-07-21,https://data.sec.gov/submissions/CIK0001260221.json,https://query1.finance.yahoo.com/v8/finance/chart/TDG
TDY,aios:bounded:sp500:tdy,aios:issuer:sec:0001094285,0001094285,TELEDYNE TECHNOLOGIES INC,TDY,2023-08-01,2026-07-22,yfinance,TDY,386,2025-01-02,2026-07-20,4af6580a541080315cc39753dbc71abf41a9e3a5280f86cfbf542426d3192f9b,,859797386f5f908108882576809a4152845874a1ed615de0c6c5fbd0cf46d4f0,accepted,,2026-07-21,https://data.sec.gov/submissions/CIK0001094285.json,https://query1.finance.yahoo.com/v8/finance/chart/TDY
TECH,aios:bounded:sp500:tech,aios:issuer:sec:0000842023,0000842023,BIO-TECHNE Corp,TECH,2023-08-01,2026-07-22,yfinance,TECH,386,2025-01-02,2026-07-20,686dcb9eaae4ce6658a50952e9d2e0d6924707a1c052373e5a7eaf40152ee3f2,,5c4393f9db43bb71bc3e77960ff7a560491a45d92abc0cb2417c1082920d9de3,accepted,,2026-07-21,https://data.sec.gov/submissions/CIK0000842023.json,https://query1.finance.yahoo.com/v8/finance/chart/TECH
TEL,aios:bounded:sp500:tel,aios:issuer:sec:0001385157,0001385157,TE Connectivity plc,TEL,2023-08-01,2026-07-22,yfinance,TEL,386,2025-01-02,2026-07-20,4b7bd442434b9d2c761679ee62c37e5a8d027725a205324bfca10ba88df3dea4,,a6ef212e9bddb34275f77a2234e101809e440f3a1f8b88eefe62110c031f608b,accepted,,2026-07-21,https://data.sec.gov/submissions/CIK0001385157.json,https://query1.finance.yahoo.com/v8/finance/chart/TEL
TER,aios:bounded:sp500:ter,aios:issuer:sec:0000097210,0000097210,"TERADYNE, INC",TER,2023-08-01,2026-07-22,yfinance,TER,386,2025-01-02,2026-07-20,20125be59fc0920bcc0c8fe66cab5d7316b4becee7558ce3a8c01ac8edde1060,,58a0c4141af116c824118104c6b664532e7767e848076105dca927907114c29c,accepted,,2026-07-21,https://data.sec.gov/submissions/CIK0000097210.json,https://query1.finance.yahoo.com/v8/finance/chart/TER
TFC,aios:bounded:sp500:tfc,aios:issuer:sec:0000092230,0000092230,TRUIST FINANCIAL CORP,TFC,2023-08-01,2026-07-22,yfinance,TFC,386,2025-01-02,2026-07-20,e6f8bcb02316bbcc3d24bc3f02768c5e5ec9e48b642f70192aa938830b32e81b,,36f5733256306934395dddad5a675b9d70f6811d1d624a4a94fded2d24298a02,accepted,,2026-07-21,https://data.sec.gov/submissions/CIK0000092230.json,https://query1.finance.yahoo.com/v8/finance/chart/TFC
TGT,aios:bounded:sp500:tgt,aios:issuer:sec:0000027419,0000027419,TARGET CORP,TGT,2023-08-01,2026-07-22,yfinance,TGT,386,2025-01-02,2026-07-20,f3fd957f96af3ed55aea5da298efa4b4c07804f4ce275ab6323ede3a069d10a4,,3a73b4a41bcd57df97f2e2ab73d1ca418d1a33f2f6aceb32a3915a4930249acd,accepted,,2026-07-21,https://data.sec.gov/submissions/CIK0000027419.json,https://query1.finance.yahoo.com/v8/finance/chart/TGT
TJX,aios:bounded:sp500:tjx,aios:issuer:sec:0000109198,0000109198,TJX COMPANIES INC /DE/,TJX,2023-08-01,2026-07-22,yfinance,TJX,386,2025-01-02,2026-07-20,f4088e843dc2ce6147cf5d63bc25debde4c221303496fa5d41f72dd196b6a02a,,9d7e6fadfbe020657e5c8e3870abc232acc5532a95f923bc13d15a1549339a05,accepted,,2026-07-21,https://data.sec.gov/submissions/CIK0000109198.json,https://query1.finance.yahoo.com/v8/finance/chart/TJX
TKO,aios:bounded:sp500:tko,aios:issuer:sec:0001973266,0001973266,"TKO Group Holdings, Inc.",TKO,2025-03-24,2026-07-22,yfinance,TKO,332,2025-03-24,2026-07-20,7ab8781be1b70cd3aea6858b0f2a425a0b7376882c859f57545d9523b693e699,,d969fd6272369b305c3793bf5faf61172722ef6325b38889c79c28a18aad21b4,accepted,,2026-07-21,https://data.sec.gov/submissions/CIK0001973266.json,https://query1.finance.yahoo.com/v8/finance/chart/TKO
TMO,aios:bounded:sp500:tmo,aios:issuer:sec:0000097745,0000097745,THERMO FISHER SCIENTIFIC INC.,TMO,2023-08-01,2026-07-22,yfinance,TMO,386,2025-01-02,2026-07-20,f256197554c3e23e7a98ca1f232c0ffa70271c71cf899b96096f3d38a5983a59,,218bc80d972fa28496316fde86c715859158c554dbd29c02a6e51abcb8e5b626,accepted,,2026-07-21,https://data.sec.gov/submissions/CIK0000097745.json,https://query1.finance.yahoo.com/v8/finance/chart/TMO
TMUS,aios:bounded:sp500:tmus,aios:issuer:sec:0001283699,0001283699,"T-Mobile US, Inc.",TMUS,2023-08-01,2026-07-22,yfinance,TMUS,386,2025-01-02,2026-07-20,e4e2bbb4edc9b2086429a4f251ed9ff9ee09843f25211140250146393483e78c,,f1485f35be978ac58d3c4465c3cec6253cac23104d81bb0a39360bbce0950902,accepted,,2026-07-21,https://data.sec.gov/submissions/CIK0001283699.json,https://query1.finance.yahoo.com/v8/finance/chart/TMUS
TPL,aios:bounded:sp500:tpl,aios:issuer:sec:0001811074,0001811074,Texas Pacific Land Corp,TPL,2024-11-26,2026-07-22,yfinance,TPL,386,2025-01-02,2026-07-20,c1ccd50f10633dcef211184db1d4e0936d9ea502449c9e9244f33e612e6f95af,,438bc4381144ed411f9baab28765754478cfa092275299901dbee64227572b13,accepted,,2026-07-21,https://data.sec.gov/submissions/CIK0001811074.json,https://query1.finance.yahoo.com/v8/finance/chart/TPL
TPR,aios:bounded:sp500:tpr,aios:issuer:sec:0001116132,0001116132,"TAPESTRY, INC.",TPR,2023-08-01,2026-07-22,yfinance,TPR,386,2025-01-02,2026-07-20,4f5394a0385408720003b7ab153eb4a348daffa9d98c330c192fd266439396f3,,29dc0369d0b374c7061e546e7a47c62e14cae74e6983869e7d97102bd2b0ee31,accepted,,2026-07-21,https://data.sec.gov/submissions/CIK0001116132.json,https://query1.finance.yahoo.com/v8/finance/chart/TPR
TRGP,aios:bounded:sp500:trgp,aios:issuer:sec:0001389170,0001389170,Targa Resources Corp.,TRGP,2023-08-01,2026-07-22,yfinance,TRGP,386,2025-01-02,2026-07-20,3afbf1a6d6bcb8f4008067a5e90d695988032db26ec6f8bca036066692904e4a,,531e67d5ad1b6eee9becc369d5148eaf675a4aeb00fffe5f3e62a5dc61f75445,accepted,,2026-07-21,https://data.sec.gov/submissions/CIK0001389170.json,https://query1.finance.yahoo.com/v8/finance/chart/TRGP
TRMB,aios:bounded:sp500:trmb,aios:issuer:sec:0000864749,0000864749,TRIMBLE INC.,TRMB,2023-08-01,2026-07-22,yfinance,TRMB,386,2025-01-02,2026-07-20,b7a54971942cbc4461ba811844e4eae74be83485c0c8a4cafb93015e34e4e70a,,637058880c72bd682540c28683433b133411590fb2582e1b7c5a376fd3fa7656,accepted,,2026-07-21,https://data.sec.gov/submissions/CIK0000864749.json,https://query1.finance.yahoo.com/v8/finance/chart/TRMB
TROW,aios:bounded:sp500:trow,aios:issuer:sec:0001113169,0001113169,PRICE T ROWE GROUP INC,TROW,2023-08-01,2026-07-22,yfinance,TROW,386,2025-01-02,2026-07-20,a3e18edecbbf1121972fad190f91a9f636a1277f0d2e3e3eec12dc7a6216c63c,,4ba0c4ffaa736dc4b9c75a1129bd6428b85e5724496949b866e21668d0a06680,accepted,,2026-07-21,https://data.sec.gov/submissions/CIK0001113169.json,https://query1.finance.yahoo.com/v8/finance/chart/TROW
TRV,aios:bounded:sp500:trv,aios:issuer:sec:0000086312,0000086312,"TRAVELERS COMPANIES, INC.",TRV,2023-08-01,2026-07-22,yfinance,TRV,386,2025-01-02,2026-07-20,ea61fbc6f8d5cbe9553db9089635a8530c649dfaaf92c67dcc191749f8a07530,,c9fbb1db063ee4123f7206987429dbf23a0227fb4aa8793bcca9b9afcf6cd127,accepted,,2026-07-21,https://data.sec.gov/submissions/CIK0000086312.json,https://query1.finance.yahoo.com/v8/finance/chart/TRV
TSCO,aios:bounded:sp500:tsco,aios:issuer:sec:0000916365,0000916365,TRACTOR SUPPLY CO /DE/,TSCO,2023-08-01,2026-07-22,yfinance,TSCO,386,2025-01-02,2026-07-20,604cf9828d9a73ca4435f7762e9855f115a2967067e230b5a49fe7b1d5cddf48,,bcf40004450d6de42982c9d92063df02b3351c24b44a390403474a499c1e3cc7,accepted,,2026-07-21,https://data.sec.gov/submissions/CIK0000916365.json,https://query1.finance.yahoo.com/v8/finance/chart/TSCO
TSLA,aios:bounded:sp500:tsla,aios:issuer:sec:0001318605,0001318605,"Tesla, Inc.",TSLA,2023-08-01,2026-07-22,yfinance,TSLA,386,2025-01-02,2026-07-20,95342c0f9a7925adca02aee3caa5ec37a80afe05e01ce85557619b4a046dfeb6,,d066642eec812f479d81081163de5eff8a2b0aeee843829ab421ebfca6271a85,accepted,,2026-07-21,https://data.sec.gov/submissions/CIK0001318605.json,https://query1.finance.yahoo.com/v8/finance/chart/TSLA
TSN,aios:bounded:sp500:tsn,aios:issuer:sec:0000100493,0000100493,"TYSON FOODS, INC.",TSN,2023-08-01,2026-07-22,yfinance,TSN,386,2025-01-02,2026-07-20,6d049e5098ac9898e6ac75f0ae491af07939bcdae1286ebaccc79551202e7cd3,,35684629dd25ebae016d418657eec3ac5bc9717a2b546ced669a9bc62cedf466,accepted,,2026-07-21,https://data.sec.gov/submissions/CIK0000100493.json,https://query1.finance.yahoo.com/v8/finance/chart/TSN
TT,aios:bounded:sp500:tt,aios:issuer:sec:0001466258,0001466258,Trane Technologies plc,TT,2023-08-01,2026-07-22,yfinance,TT,386,2025-01-02,2026-07-20,c4334528c448b68fa9e69092f3c8eabf29774c8a23d0e7406402661d0023f164,,660a70cf3feb5e14521360e895711fa600af0dd676397ab701d709b2a6975623,accepted,,2026-07-21,https://data.sec.gov/submissions/CIK0001466258.json,https://query1.finance.yahoo.com/v8/finance/chart/TT
TTD,aios:bounded:sp500:ttd,aios:issuer:sec:0001671933,0001671933,"Trade Desk, Inc.",TTD,2025-07-18,2026-07-22,yfinance,TTD,252,2025-07-18,2026-07-20,1d23f7ab40fde7438c88f60e72bf71c5182770448abfe5e5a2a8c542d404772f,,c3041e11b5f5d13d967d8593fcf6b45eee36eeafdc2be26e1dac34606d4138c6,accepted,,2026-07-21,https://data.sec.gov/submissions/CIK0001671933.json,https://query1.finance.yahoo.com/v8/finance/chart/TTD
TTWO,aios:bounded:sp500:ttwo,aios:issuer:sec:0000946581,0000946581,TAKE TWO INTERACTIVE SOFTWARE INC,TTWO,2023-08-01,2026-07-22,yfinance,TTWO,386,2025-01-02,2026-07-20,5ca81f6d4a6f4906472ec26c5e765841a7fea3595a1bca075872c9a2fa7a98fe,,f05b9d4661517778ffbdb32c3de2bfef5740bd372cff4f43e30ca35065cc8676,accepted,,2026-07-21,https://data.sec.gov/submissions/CIK0000946581.json,https://query1.finance.yahoo.com/v8/finance/chart/TTWO
TXN,aios:bounded:sp500:txn,aios:issuer:sec:0000097476,0000097476,TEXAS INSTRUMENTS INC,TXN,2023-08-01,2026-07-22,yfinance,TXN,386,2025-01-02,2026-07-20,f4d0e1f179072f4849c002230fc7e9d1e9efb9c4cb0e3cda24f43f936d734a6b,,dd57f4760dee5fc2175268e3d1866d886e81469864be21dab29e2c92da6bfb04,accepted,,2026-07-21,https://data.sec.gov/submissions/CIK0000097476.json,https://query1.finance.yahoo.com/v8/finance/chart/TXN
TXT,aios:bounded:sp500:txt,aios:issuer:sec:0000217346,0000217346,TEXTRON INC,TXT,2023-08-01,2026-07-22,yfinance,TXT,386,2025-01-02,2026-07-20,e656264efd838fc6bf3f534ecfa9e858c174a665ed355bcfa2c393a056a54682,,ac7f9a2dfb9550da7b3292f5b3dd1fc90c34db21233a8b64049048d706a67fcf,accepted,,2026-07-21,https://data.sec.gov/submissions/CIK0000217346.json,https://query1.finance.yahoo.com/v8/finance/chart/TXT
TYL,aios:bounded:sp500:tyl,aios:issuer:sec:0000860731,0000860731,TYLER TECHNOLOGIES INC,TYL,2023-08-01,2026-07-22,yfinance,TYL,386,2025-01-02,2026-07-20,997eb05d1b97af5507135f24c452e48054904b625043565472b8846d177e9fb7,,64644bf554da8c6b3cdc12047301cbc4a4eafdaf15893ed58ecbe23f1fae756d,accepted,,2026-07-21,https://data.sec.gov/submissions/CIK0000860731.json,https://query1.finance.yahoo.com/v8/finance/chart/TYL
UAL,aios:bounded:sp500:ual,aios:issuer:sec:0000100517,0000100517,"United Airlines Holdings, Inc.",UAL,2023-08-01,2026-07-22,yfinance,UAL,386,2025-01-02,2026-07-20,412f523a17ab1e9ccd3acb27414511ccca68eca5ea6bde289ad4ba50fcca5f70,,19652fb4c0d752a8520c2a0d1d0fffb2ec301864641f3c91a8559dc38964c7bd,accepted,,2026-07-21,https://data.sec.gov/submissions/CIK0000100517.json,https://query1.finance.yahoo.com/v8/finance/chart/UAL
UBER,aios:bounded:sp500:uber,aios:issuer:sec:0001543151,0001543151,"Uber Technologies, Inc",UBER,2023-12-18,2026-07-22,yfinance,UBER,386,2025-01-02,2026-07-20,4cc84ec8a45d5691718cf72b7652c679903142016eb63e701138e356f2c12940,,f9bdb56f0f73be37ed1d1cee068784fb8b99ef319940399bda4da18f39e7c3da,accepted,,2026-07-21,https://data.sec.gov/submissions/CIK0001543151.json,https://query1.finance.yahoo.com/v8/finance/chart/UBER
UDR,aios:bounded:sp500:udr,aios:issuer:sec:0000074208,0000074208,"UDR, Inc.",UDR,2023-08-01,2026-07-22,yfinance,UDR,386,2025-01-02,2026-07-20,3caac73c1eab88199ccec68f750f8261566911b87d656e4e45a2e31cd7cce452,,a531397cabe8210dcf94f2a36d700914c69edd9f596ab2a247f1807b36d8580f,accepted,,2026-07-21,https://data.sec.gov/submissions/CIK0000074208.json,https://query1.finance.yahoo.com/v8/finance/chart/UDR
UHS,aios:bounded:sp500:uhs,aios:issuer:sec:0000352915,0000352915,UNIVERSAL HEALTH SERVICES INC,UHS,2023-08-01,2026-07-22,yfinance,UHS,386,2025-01-02,2026-07-20,0a862544d4613d7533de5672ca061607cb017375bfd3b100e28ace3e1aaf4691,,cb7af5dbae1acf86a13813ef8135c2247b2fcee540fb359f86eb6f54f1e84773,accepted,,2026-07-21,https://data.sec.gov/submissions/CIK0000352915.json,https://query1.finance.yahoo.com/v8/finance/chart/UHS
ULTA,aios:bounded:sp500:ulta,aios:issuer:sec:0001403568,0001403568,"Ulta Beauty, Inc.",ULTA,2023-08-01,2026-07-22,yfinance,ULTA,386,2025-01-02,2026-07-20,820451eaa135f8ec7f64c0311ce8c44c199b0c5033310ed58a29cc47f657f70b,,b00a38ba575e78aea88a54f44dba4f9c406f5d68c4ac915dd2aa551b7a704f94,accepted,,2026-07-21,https://data.sec.gov/submissions/CIK0001403568.json,https://query1.finance.yahoo.com/v8/finance/chart/ULTA
UNH,aios:bounded:sp500:unh,aios:issuer:sec:0000731766,0000731766,UNITEDHEALTH GROUP INC,UNH,2023-08-01,2026-07-22,yfinance,UNH,386,2025-01-02,2026-07-20,d525e350adb44e31bbca230667dcf16fc090575a9ae4c974503608308e6c2bd9,,898dc6683c9b25b2c9c267b4580572129e439f535e8490e62417a01f552d5261,accepted,,2026-07-21,https://data.sec.gov/submissions/CIK0000731766.json,https://query1.finance.yahoo.com/v8/finance/chart/UNH
UNP,aios:bounded:sp500:unp,aios:issuer:sec:0000100885,0000100885,UNION PACIFIC CORP,UNP,2023-08-01,2026-07-22,yfinance,UNP,386,2025-01-02,2026-07-20,9bf4b310cd2fb1904bd17c377713b50616a50960be1ff634af18f1704cd5873b,,6d78fab07d883ee6ef7cac91344553061665a5aea94f60832c6eaa6a8032992c,accepted,,2026-07-21,https://data.sec.gov/submissions/CIK0000100885.json,https://query1.finance.yahoo.com/v8/finance/chart/UNP
UPS,aios:bounded:sp500:ups,aios:issuer:sec:0001090727,0001090727,UNITED PARCEL SERVICE INC,UPS,2023-08-01,2026-07-22,yfinance,UPS,386,2025-01-02,2026-07-20,5635bd8e3837161a361f08d3e1f9cfa67fdaa87270954e226754796bb8e79513,,7152850caa817cd20ca7910ee067f22e943f970f3e54f6e7c600d3e722144db2,accepted,,2026-07-21,https://data.sec.gov/submissions/CIK0001090727.json,https://query1.finance.yahoo.com/v8/finance/chart/UPS
URI,aios:bounded:sp500:uri,aios:issuer:sec:0001067701,0001067701,"UNITED RENTALS, INC.",URI,2023-08-01,2026-07-22,yfinance,URI,386,2025-01-02,2026-07-20,c2b97193a1ca4e74134296988b92dfdaea21209f3be99c877adbf88b872adffe,,b857187986cf0870521d5997d653fa3ddf6e4a3be738186cf1948104dbc2cd3f,accepted,,2026-07-21,https://data.sec.gov/submissions/CIK0001067701.json,https://query1.finance.yahoo.com/v8/finance/chart/URI
USB,aios:bounded:sp500:usb,aios:issuer:sec:0000036104,0000036104,US BANCORP \DE\,USB,2023-08-01,2026-07-22,yfinance,USB,386,2025-01-02,2026-07-20,fc7cfc291e08a5c24010fbf161c4fdd07417f53cefc090b2825b8cf6997c8f07,,39217304b69c8dd572d18a19fc3fc3613ab46ac3f82e7ee8f982222beafd361c,accepted,,2026-07-21,https://data.sec.gov/submissions/CIK0000036104.json,https://query1.finance.yahoo.com/v8/finance/chart/USB
V,aios:bounded:sp500:v,aios:issuer:sec:0001403161,0001403161,VISA INC.,V,2023-08-01,2026-07-22,yfinance,V,386,2025-01-02,2026-07-20,cbab8eca657b5abf1ff6ab8916626c1105355d03e528cbaca5f71cd9e681dbe4,,55404fa697eb5cc2598761009d82c89cef37088c099a04589cc985f236811a77,accepted,,2026-07-21,https://data.sec.gov/submissions/CIK0001403161.json,https://query1.finance.yahoo.com/v8/finance/chart/V
VEEV,aios:bounded:sp500:veev,aios:issuer:sec:0001393052,0001393052,VEEVA SYSTEMS INC,VEEV,2026-05-07,2026-07-22,yfinance,VEEV,50,2026-05-07,2026-07-20,64f522543d6db973b1d078e775613994a8def7107e68675de50e698d5cf20119,,9fc868ebf3519ab748ad1538821c72ba6dd2ff2686e239d49960f5122075907e,accepted,,2026-07-21,https://data.sec.gov/submissions/CIK0001393052.json,https://query1.finance.yahoo.com/v8/finance/chart/VEEV
VICI,aios:bounded:sp500:vici,aios:issuer:sec:0001705696,0001705696,VICI PROPERTIES INC.,VICI,2023-08-01,2026-07-22,yfinance,VICI,386,2025-01-02,2026-07-20,fdc221b5a2c52f135c64446b534cd5c1f6a1a8357088acc420acd25db913e220,,5c4164543a139df704527bbbefd8af49a03c5686975bf7ec96e71fd57dbbd514,accepted,,2026-07-21,https://data.sec.gov/submissions/CIK0001705696.json,https://query1.finance.yahoo.com/v8/finance/chart/VICI
VLO,aios:bounded:sp500:vlo,aios:issuer:sec:0001035002,0001035002,VALERO ENERGY CORP/TX,VLO,2023-08-01,2026-07-22,yfinance,VLO,386,2025-01-02,2026-07-20,ade1886527d865af69e158b4c214d6b67d58c57d6ee6140dc850935983861b87,,97c706d7d19c30c486043335b1681c810d53df28d5af70d35a6b78a22dc7a51d,accepted,,2026-07-21,https://data.sec.gov/submissions/CIK0001035002.json,https://query1.finance.yahoo.com/v8/finance/chart/VLO
VLTO,aios:bounded:sp500:vlto,aios:issuer:sec:0001967680,0001967680,Veralto Corp,VLTO,2023-10-02,2026-07-22,yfinance,VLTO,386,2025-01-02,2026-07-20,9d4a4a541865ec0d32bc2f115abed66675a9c58237170f8914318d2da110573f,,489bcdce58e9b86a61c98b10b91de2b23d1e9a9c0c7a76970d572648064297ce,accepted,,2026-07-21,https://data.sec.gov/submissions/CIK0001967680.json,https://query1.finance.yahoo.com/v8/finance/chart/VLTO
VMC,aios:bounded:sp500:vmc,aios:issuer:sec:0001396009,0001396009,Vulcan Materials CO,VMC,2023-08-01,2026-07-22,yfinance,VMC,386,2025-01-02,2026-07-20,e997b9e89cd813b223dcb49a3e694d9d4ce46dd1313ec09fe56dd38bf59efdf4,,9c7bf964ad1fa6374bee7ad220dcba602b14d912e13677a74d127b36eca5f56e,accepted,,2026-07-21,https://data.sec.gov/submissions/CIK0001396009.json,https://query1.finance.yahoo.com/v8/finance/chart/VMC
VRSK,aios:bounded:sp500:vrsk,aios:issuer:sec:0001442145,0001442145,"Verisk Analytics, Inc.",VRSK,2023-08-01,2026-07-22,yfinance,VRSK,386,2025-01-02,2026-07-20,08383f16df71efa03c0ccf7e5caeffbf83a231b39ed299171fc43c997a363906,,ca6e318af4e92b823b46ec11d0225aeb1328b0107c8277a550d47d0ca0e5c9e9,accepted,,2026-07-21,https://data.sec.gov/submissions/CIK0001442145.json,https://query1.finance.yahoo.com/v8/finance/chart/VRSK
VRSN,aios:bounded:sp500:vrsn,aios:issuer:sec:0001014473,0001014473,VERISIGN INC/CA,VRSN,2023-08-01,2026-07-22,yfinance,VRSN,386,2025-01-02,2026-07-20,085cf9f05669f0869ca13113356b2a0216f1584b3a5f566f9dc9789e6d54909d,,2068044f6310b7bf431551568379af23ea2445916837100e3a06f10d30c49f2b,accepted,,2026-07-21,https://data.sec.gov/submissions/CIK0001014473.json,https://query1.finance.yahoo.com/v8/finance/chart/VRSN
VRT,aios:bounded:sp500:vrt,aios:issuer:sec:0001674101,0001674101,Vertiv Holdings Co,VRT,2026-03-23,2026-07-22,yfinance,VRT,82,2026-03-23,2026-07-20,148da82a92d1ecd89801227f4dae109dc93ad8bc2922e19c33defc209b673923,,59b7f99d54988825e2ae4b7f47ebd9dba0b44260a851a659c3ea632b6998e2a3,accepted,,2026-07-21,https://data.sec.gov/submissions/CIK0001674101.json,https://query1.finance.yahoo.com/v8/finance/chart/VRT
VRTX,aios:bounded:sp500:vrtx,aios:issuer:sec:0000875320,0000875320,VERTEX PHARMACEUTICALS INC / MA,VRTX,2023-08-01,2026-07-22,yfinance,VRTX,386,2025-01-02,2026-07-20,99548038c38d5e5992b38ad2484d62e86b5c84d789150ef711dce530dfec7dfa,,1e258ebf056e579f5a62dc12ce9806a7f1405aa6c804521c0c20580177ece5f4,accepted,,2026-07-21,https://data.sec.gov/submissions/CIK0000875320.json,https://query1.finance.yahoo.com/v8/finance/chart/VRTX
VST,aios:bounded:sp500:vst,aios:issuer:sec:0001692819,0001692819,Vistra Corp.,VST,2024-05-08,2026-07-22,yfinance,VST,386,2025-01-02,2026-07-20,ec8f09d66a23ddfbf9a33fb56d7b01d16bb1c673f507953b45f830bad6dce3c9,,465e1b9f8797703c1ba03683215ec568450fb8a2798d6ccac8fd71f0b2ecfdba,accepted,,2026-07-21,https://data.sec.gov/submissions/CIK0001692819.json,https://query1.finance.yahoo.com/v8/finance/chart/VST
VTR,aios:bounded:sp500:vtr,aios:issuer:sec:0000740260,0000740260,"Ventas, Inc.",VTR,2023-08-01,2026-07-22,yfinance,VTR,386,2025-01-02,2026-07-20,4a9c984f50da2c6d9005ea4cb11e1e250ea68a7c9f205861f579224aa6cb490a,,93ab443841da2b25cab15c39363dad4d2459a9f8aebe99597510409d44f7407d,accepted,,2026-07-21,https://data.sec.gov/submissions/CIK0000740260.json,https://query1.finance.yahoo.com/v8/finance/chart/VTR
VTRS,aios:bounded:sp500:vtrs,aios:issuer:sec:0001792044,0001792044,Viatris Inc,VTRS,2023-08-01,2026-07-22,yfinance,VTRS,386,2025-01-02,2026-07-20,77765d805584df86d19f5bd95e262c18cda52fa8dc82c198153b8bdc3e2900e7,,c72e4f2cdd9a55af53424e6ae3a7c5a4ed267d471e6bf7d14321bd5c881dc0bb,accepted,,2026-07-21,https://data.sec.gov/submissions/CIK0001792044.json,https://query1.finance.yahoo.com/v8/finance/chart/VTRS
VZ,aios:bounded:sp500:vz,aios:issuer:sec:0000732712,0000732712,VERIZON COMMUNICATIONS INC,VZ,2023-08-01,2026-07-22,yfinance,VZ,386,2025-01-02,2026-07-20,53cca6c28d56dd4e9a0e7b6165d00513e6863c76946d5ec9219dae5771784892,,edd227fc320ceae47a94689bfd8d29a0c9381ca2c878f3d357a2284d71a56b6b,accepted,,2026-07-21,https://data.sec.gov/submissions/CIK0000732712.json,https://query1.finance.yahoo.com/v8/finance/chart/VZ
WAB,aios:bounded:sp500:wab,aios:issuer:sec:0000943452,0000943452,WESTINGHOUSE AIR BRAKE TECHNOLOGIES CORP,WAB,2023-08-01,2026-07-22,yfinance,WAB,386,2025-01-02,2026-07-20,a1ad981c23431617b9059723486cf0de9a42ab4a153e673dba5fde0a11344c95,,cd98f02c87a6d33384241c7cb3324af9ab5ee6c8b2098e38eee7305d8b768b7a,accepted,,2026-07-21,https://data.sec.gov/submissions/CIK0000943452.json,https://query1.finance.yahoo.com/v8/finance/chart/WAB
WAT,aios:bounded:sp500:wat,aios:issuer:sec:0001000697,0001000697,WATERS CORP /DE/,WAT,2023-08-01,2026-07-22,yfinance,WAT,386,2025-01-02,2026-07-20,46a084e7a96b05215b7c84dceaa902be3e1d885a339bd615781577588c22b619,,fc5c04f53c4629e1ac1555256fa67d101796bc0d66a20657a51844058ab8e05b,accepted,,2026-07-21,https://data.sec.gov/submissions/CIK0001000697.json,https://query1.finance.yahoo.com/v8/finance/chart/WAT
WBD,aios:bounded:sp500:wbd,aios:issuer:sec:0001437107,0001437107,"Warner Bros. Discovery, Inc.",WBD,2023-08-01,2026-07-22,yfinance,WBD,386,2025-01-02,2026-07-20,2e4ddf435878d0f113ed47a587bc7806b5c0e1d3d1bf6b716001a954db9e2147,,514a5e21d3913a586a6cb91dd79ffb2970b222fe99393e7a48f60603b9563842,accepted,,2026-07-21,https://data.sec.gov/submissions/CIK0001437107.json,https://query1.finance.yahoo.com/v8/finance/chart/WBD
WDAY,aios:bounded:sp500:wday,aios:issuer:sec:0001327811,0001327811,"Workday, Inc.",WDAY,2024-12-23,2026-07-22,yfinance,WDAY,386,2025-01-02,2026-07-20,36b89db5e631b1d4652bdedae21ceb0673e906af323cb4438d4fa3e1a59b091f,,0033d80e382aa46b75817a91a39abb8ff142dd65889418f4b774565fb2822572,accepted,,2026-07-21,https://data.sec.gov/submissions/CIK0001327811.json,https://query1.finance.yahoo.com/v8/finance/chart/WDAY
WDC,aios:bounded:sp500:wdc,aios:issuer:sec:0000106040,0000106040,WESTERN DIGITAL CORP,WDC,2023-08-01,2026-07-22,yfinance,WDC,386,2025-01-02,2026-07-20,7063642f32d1787827076f32e8cc48f16a28df0d1d71a306310c8b7a8df32d37,,73c4a30669fbb8bdb5b2abb63ad7d1f97929ff48aef3c319cc5e003dc2968e31,accepted,,2026-07-21,https://data.sec.gov/submissions/CIK0000106040.json,https://query1.finance.yahoo.com/v8/finance/chart/WDC
WEC,aios:bounded:sp500:wec,aios:issuer:sec:0000783325,0000783325,"WEC ENERGY GROUP, INC.",WEC,2023-08-01,2026-07-22,yfinance,WEC,386,2025-01-02,2026-07-20,f42fc86b770c57634757b39746c11b9477a9e209a3b5f4526cbf4800d2c1c68e,,871064ce5abca79b86855aac534abecbf370e3be34566adec43618dfa54c41d2,accepted,,2026-07-21,https://data.sec.gov/submissions/CIK0000783325.json,https://query1.finance.yahoo.com/v8/finance/chart/WEC
WELL,aios:bounded:sp500:well,aios:issuer:sec:0000766704,0000766704,WELLTOWER INC.,WELL,2023-08-01,2026-07-22,yfinance,WELL,386,2025-01-02,2026-07-20,11445764b0dfbbf2a34e408a5b41dc8074a524df8f9a1bfe6836706609b9a653,,0757655099c3ee64700c777a810ebe50519a83de824364939696fffdc33931c7,accepted,,2026-07-21,https://data.sec.gov/submissions/CIK0000766704.json,https://query1.finance.yahoo.com/v8/finance/chart/WELL
WFC,aios:bounded:sp500:wfc,aios:issuer:sec:0000072971,0000072971,WELLS FARGO & COMPANY/MN,WFC,2023-08-01,2026-07-22,yfinance,WFC,386,2025-01-02,2026-07-20,21aa368bebe25d8809fd42288f6dbba606998e1604ed0e9f2558c9d9f42e4f31,https://data.sec.gov/submissions/CIK0000072971-submissions-001.json,04b435f68fed35416eb63f648c41d28e653498e2e9b4fd7aa93d71bf70e660fa,accepted,,2026-07-21,https://data.sec.gov/submissions/CIK0000072971.json,https://query1.finance.yahoo.com/v8/finance/chart/WFC
WM,aios:bounded:sp500:wm,aios:issuer:sec:0000823768,0000823768,WASTE MANAGEMENT INC,WM,2023-08-01,2026-07-22,yfinance,WM,386,2025-01-02,2026-07-20,b8d422447d61a4b6bb5f6f1bea7440b24642a18bb92c66acae5cbe49bcf79bf3,,9f2eb9935f9746049325e467e065f0f2ed500595f990e15b3169c2968ee8d0a1,accepted,,2026-07-21,https://data.sec.gov/submissions/CIK0000823768.json,https://query1.finance.yahoo.com/v8/finance/chart/WM
WMB,aios:bounded:sp500:wmb,aios:issuer:sec:0000107263,0000107263,"WILLIAMS COMPANIES, INC.",WMB,2023-08-01,2026-07-22,yfinance,WMB,386,2025-01-02,2026-07-20,aef1c182b0967d9889df35e475a7f7d89a09f427d8cb7a02c1eb4be05ba57f01,,376581db7d6c03fc0f3bfda479bf116aca39bd83102e2d08f2ff0b39eb8d8c69,accepted,,2026-07-21,https://data.sec.gov/submissions/CIK0000107263.json,https://query1.finance.yahoo.com/v8/finance/chart/WMB
WMT,aios:bounded:sp500:wmt,aios:issuer:sec:0000104169,0000104169,Walmart Inc.,WMT,2023-08-01,2026-07-22,yfinance,WMT,386,2025-01-02,2026-07-20,c81d910092e75ac4818151966f9b7a62ab0021b3543f26897883769efcc29bf0,,cea30bb3dd8a8e8aca3150318f8dda74ea498cf4ad441691117dc03ae25d1fd2,accepted,,2026-07-21,https://data.sec.gov/submissions/CIK0000104169.json,https://query1.finance.yahoo.com/v8/finance/chart/WMT
WRB,aios:bounded:sp500:wrb,aios:issuer:sec:0000011544,0000011544,BERKLEY W R CORP,WRB,2023-08-01,2026-07-22,yfinance,WRB,386,2025-01-02,2026-07-20,d7b68976f4f014a1b3fa5af0abfe091d16bcff27104de4018772bb9afc56506e,,7d2438203b4c9ad258a88352fb7d3921a01fde24e1b1d2417e02da73aefa0137,accepted,,2026-07-21,https://data.sec.gov/submissions/CIK0000011544.json,https://query1.finance.yahoo.com/v8/finance/chart/WRB
WSM,aios:bounded:sp500:wsm,aios:issuer:sec:0000719955,0000719955,WILLIAMS SONOMA INC,WSM,2025-03-24,2026-07-22,yfinance,WSM,332,2025-03-24,2026-07-20,26ccc2dcbd673d66d218104d433459154e6cb392ae7fec69caf57ec55bf81371,,00f645c095a9b72b1897fb783244689d2683f7aa3a9842215022d775d273410a,accepted,,2026-07-21,https://data.sec.gov/submissions/CIK0000719955.json,https://query1.finance.yahoo.com/v8/finance/chart/WSM
WST,aios:bounded:sp500:wst,aios:issuer:sec:0000105770,0000105770,WEST PHARMACEUTICAL SERVICES INC,WST,2023-08-01,2026-07-22,yfinance,WST,386,2025-01-02,2026-07-20,f98cba5e8387f5f807f7367fa8687c148308fc19eafe385054b9b1d6e69596e9,,e0580db2329abd900790e44eac7976d3ac9941221e5c3a364ae151f79305206a,accepted,,2026-07-21,https://data.sec.gov/submissions/CIK0000105770.json,https://query1.finance.yahoo.com/v8/finance/chart/WST
WTW,aios:bounded:sp500:wtw,aios:issuer:sec:0001140536,0001140536,WILLIS TOWERS WATSON PLC,WTW,2023-08-01,2026-07-22,yfinance,WTW,386,2025-01-02,2026-07-20,83048ac9bd1c241c421b9f2f11833bc421e58b7454795f79968a5be77175bf47,,f2362b64077189a7e105ed3b46b0147a31d780b77853501ffe8669150df5cf85,accepted,,2026-07-21,https://data.sec.gov/submissions/CIK0001140536.json,https://query1.finance.yahoo.com/v8/finance/chart/WTW
WY,aios:bounded:sp500:wy,aios:issuer:sec:0000106535,0000106535,WEYERHAEUSER CO,WY,2023-08-01,2026-07-22,yfinance,WY,386,2025-01-02,2026-07-20,0542caac03f3032b0f45878f281e59c3050f02a8129051b42bad56e92b7cf850,,6fc5bcf25c3d6e4663ddfbcc11906a3749a599bffeac7eb1c897f12661a78c07,accepted,,2026-07-21,https://data.sec.gov/submissions/CIK0000106535.json,https://query1.finance.yahoo.com/v8/finance/chart/WY
WYNN,aios:bounded:sp500:wynn,aios:issuer:sec:0001174922,0001174922,WYNN RESORTS LTD,WYNN,2023-08-01,2026-07-22,yfinance,WYNN,386,2025-01-02,2026-07-20,44d8da59c56ccdaa622150afd09d95cd6cadc036c48e9c799d384501657009fe,,c4771a2650f8f8830ec87e4b9ff1e45eee3711f509186b9a721d33cda32e10bc,accepted,,2026-07-21,https://data.sec.gov/submissions/CIK0001174922.json,https://query1.finance.yahoo.com/v8/finance/chart/WYNN
XEL,aios:bounded:sp500:xel,aios:issuer:sec:0000072903,0000072903,XCEL ENERGY INC,XEL,2023-08-01,2026-07-22,yfinance,XEL,386,2025-01-02,2026-07-20,25877a4fc9be78cbf4363c6e4377f5ec0434ea9b57681c2e02ea5f2734051ffa,,7c863ffe31b6b0aa5da4a4d8624de9392e7c21d927a804299159a8e2917167b3,accepted,,2026-07-21,https://data.sec.gov/submissions/CIK0000072903.json,https://query1.finance.yahoo.com/v8/finance/chart/XEL
XYL,aios:bounded:sp500:xyl,aios:issuer:sec:0001524472,0001524472,Xylem Inc.,XYL,2023-08-01,2026-07-22,yfinance,XYL,386,2025-01-02,2026-07-20,75a9931073690a93cc7ed5bea1730a992e40b3103e4821518e43f1596935eb03,,e776af55c6c3bff7e9a6987ed38b01b6dc0095c6f48b1a9fcc1d48a20e8b26d7,accepted,,2026-07-21,https://data.sec.gov/submissions/CIK0001524472.json,https://query1.finance.yahoo.com/v8/finance/chart/XYL
XYZ,aios:bounded:sp500:xyz,aios:issuer:sec:0001512673,0001512673,"Block, Inc.",XYZ,2025-07-23,2026-07-22,yfinance,XYZ,249,2025-07-23,2026-07-20,fe9d6f17efe5c40a377e2cb599554eae9fea29a7b355fbe304f089b7eed034dd,,65bb1464d20904b00ae127388f049731d8ed5736a0a687f1ca7658e3e664212f,accepted,,2026-07-21,https://data.sec.gov/submissions/CIK0001512673.json,https://query1.finance.yahoo.com/v8/finance/chart/XYZ
YUM,aios:bounded:sp500:yum,aios:issuer:sec:0001041061,0001041061,YUM BRANDS INC,YUM,2023-08-01,2026-07-22,yfinance,YUM,386,2025-01-02,2026-07-20,4f4757c1e4bccd697513106126bb044c07a1ea22603a7230e2ca780bde2b0039,,d247813e7ac31627f0728db66f7e0d9f61809d85ad5b89f5aa93678eee4ceb7a,accepted,,2026-07-21,https://data.sec.gov/submissions/CIK0001041061.json,https://query1.finance.yahoo.com/v8/finance/chart/YUM
ZBH,aios:bounded:sp500:zbh,aios:issuer:sec:0001136869,0001136869,"ZIMMER BIOMET HOLDINGS, INC.",ZBH,2023-08-01,2026-07-22,yfinance,ZBH,386,2025-01-02,2026-07-20,5c876caca2d73b8876b0414021c8b56a00553049bb217d0e0b36bddd235a8667,,d61a4ef3053b67f497c9309c5cb5ee27399bdb172b0f42bd2d209d1b682916c0,accepted,,2026-07-21,https://data.sec.gov/submissions/CIK0001136869.json,https://query1.finance.yahoo.com/v8/finance/chart/ZBH
ZBRA,aios:bounded:sp500:zbra,aios:issuer:sec:0000877212,0000877212,ZEBRA TECHNOLOGIES CORP,ZBRA,2023-08-01,2026-07-22,yfinance,ZBRA,386,2025-01-02,2026-07-20,6e64579701f7008742997e9af8101fdc706ac079f98616ac944c285fd4156b49,,a93b0a26fa6fcb96c71d75abede3a753ceef87fc54e6d0801154d95dd3e7965e,accepted,,2026-07-21,https://data.sec.gov/submissions/CIK0000877212.json,https://query1.finance.yahoo.com/v8/finance/chart/ZBRA
ZTS,aios:bounded:sp500:zts,aios:issuer:sec:0001555280,0001555280,Zoetis Inc.,ZTS,2023-08-01,2026-07-22,yfinance,ZTS,386,2025-01-02,2026-07-20,579a1bdc52ad8dfa6aff6ec50743e7d38ef2753f2225ac0c02d3fcd6e350be60,,975c8cdadd52e0ee6091ef8635d5f68249484244fad002c418895cb9847eff67,accepted,,2026-07-21,https://data.sec.gov/submissions/CIK0001555280.json,https://query1.finance.yahoo.com/v8/finance/chart/ZTS
